"sgd_019814","mil_0603","0.8704804279629895"
"sgd_016760","mil_2103","0.8704804279629895"
"sgd_017711","mil_0167","0.8704804279629895"
"sgd_011526","mil_0953","0.8704804279629895"
"sgd_007539","mil_0921","0.8704804279629895"
"sgd_041596","mil_0953","0.8704804279629895"
"sgd_041597","mil_0953","0.8704804279629895"
"sgd_022582","mil_3299","0.8704804279629895"
"sgd_054107","mil_4778","0.8704804279629895"
"sgd_054111","mil_4778","0.8704804279629895"
"sgd_054108","mil_4778","0.8704804279629895"
"sgd_031625","mil_3323","0.8704804279629895"
"sgd_039253","mil_0092","0.8704804279629895"
"sgd_001487","mil_3086","0.8704804279629895"
"sgd_001488","mil_3086","0.8704804279629895"
"sgd_041393","mil_0390","0.8704804279629895"
"sgd_052134","mil_3438","0.8704804279629895"
"sgd_034917","mil_1743","0.8704804279629895"
"sgd_016766","mil_0473","0.8704804279629895"
"sgd_052136","mil_3438","0.8704804279629895"
"sgd_014211","mil_2680","0.8704804279629895"
"sgd_015650","mil_3509","0.8704804279629895"
"sgd_004914","mil_3591","0.8704804279629895"
"sgd_004915","mil_3591","0.8704804279629895"
"sgd_049898","mil_1503","0.8704804279629895"
"sgd_033994","mil_2459","0.8704804279629895"
"sgd_046011","mil_2680","0.8704804279629895"
"sgd_056247","mil_4121","0.8704804279629895"
"sgd_016867","mil_1936","0.8704804279629895"
"sgd_056520","mil_3239","0.8704804279629895"
"sgd_021541","mil_3239","0.8704804279629895"
"sgd_056521","mil_3239","0.8704804279629895"
"sgd_056522","mil_3239","0.8704804279629895"
"sgd_035122","mil_0022","0.8704804279629895"
"sgd_009855","mil_4287","0.8704804279629895"
"sgd_028153","mil_2676","0.8704804279629895"
"sgd_056523","mil_3239","0.8704804279629895"
"sgd_056524","mil_3239","0.8704804279629895"
"sgd_056510","mil_3239","0.8704804279629895"
"sgd_028160","mil_2676","0.8704804279629895"
"sgd_050759","mil_4041","0.8704804279629895"
"sgd_047399","mil_4286","0.8704804279629895"
"sgd_053016","mil_0776","0.8704804279629895"
"sgd_050760","mil_4041","0.8704804279629895"
"sgd_053017","mil_0776","0.8704804279629895"
"sgd_054114","mil_4018","0.8704804279629895"
"sgd_054115","mil_4018","0.8704804279629895"
"sgd_013012","mil_3807","0.8704804279629895"
"sgd_014641","mil_2763","0.8704804279629895"
"sgd_013013","mil_3807","0.8704804279629895"
"sgd_019817","mil_4018","0.8704804279629895"
"sgd_014642","mil_2763","0.8704804279629895"
"sgd_033011","mil_1148","0.8704804279629895"
"sgd_022583","mil_2736","0.8704804279629895"
"sgd_041398","mil_3700","0.8704804279629895"
"sgd_041399","mil_3700","0.8704804279629895"
"sgd_040312","mil_3613","0.8704804279629895"
"sgd_028800","mil_3431","0.8704804279629895"
"sgd_055345","mil_1604","0.8704804279629895"
"sgd_009856","mil_4177","0.8704804279629895"
"sgd_028163","mil_4374","0.8704804279629895"
"sgd_026529","mil_4132","0.8704804279629895"
"sgd_009857","mil_4177","0.8704804279629895"
"sgd_009858","mil_4177","0.8704804279629895"
"sgd_028156","mil_4374","0.8704804279629895"
"sgd_013014","mil_3269","0.8704804279629895"
"sgd_031627","mil_0099","0.8704804279629895"
"sgd_009159","mil_1067","0.8704804279629895"
"sgd_009161","mil_1067","0.8704804279629895"
"sgd_009160","mil_1067","0.8704804279629895"
"sgd_037471","mil_1067","0.8704804279629895"
"sgd_037470","mil_1067","0.8704804279629895"
"sgd_037472","mil_1067","0.8704804279629895"
"sgd_012791","mil_0425","0.8704804279629895"
"sgd_027918","mil_0528","0.8704804279629895"
"sgd_013018","mil_4365","0.8704804279629895"
"sgd_013016","mil_4365","0.8704804279629895"
"sgd_013019","mil_4365","0.8704804279629895"
"sgd_014644","mil_0832","0.8704804279629895"
"sgd_046435","mil_0832","0.8704804279629895"
"sgd_019496","mil_1328","0.8704804279629895"
"sgd_053569","mil_1328","0.8704804279629895"
"sgd_047768","mil_4006","0.8704804279629895"
"sgd_031226","mil_1293","0.8704804279629895"
"sgd_031228","mil_1293","0.8704804279629895"
"sgd_018884","mil_2133","0.8704804279629895"
"sgd_016774","mil_3936","0.8704804279629895"
"sgd_026541","mil_3437","0.8704804279629895"
"sgd_026542","mil_3437","0.8704804279629895"
"sgd_052273","mil_2133","0.8704804279629895"
"sgd_031229","mil_2247","0.8704804279629895"
"sgd_007540","mil_0251","0.8704804279629895"
"sgd_049855","mil_4477","0.8704804279629895"
"sgd_002010","mil_0640","0.8704804279629895"
"sgd_026543","mil_0640","0.8704804279629895"
"sgd_046019","mil_0658","0.8704804279629895"
"sgd_026544","mil_0640","0.8704804279629895"
"sgd_002011","mil_0640","0.8704804279629895"
"sgd_047482","mil_1997","0.8704804279629895"
"sgd_046020","mil_0658","0.8704804279629895"
"sgd_047483","mil_1997","0.8704804279629895"
"sgd_026546","mil_3211","0.8704804279629895"
"sgd_026545","mil_3211","0.8704804279629895"
"sgd_049858","mil_4442","0.8704804279629895"
"sgd_004853","mil_0012","0.8704804279629895"
"sgd_004852","mil_0012","0.8704804279629895"
"sgd_043726","mil_2276","0.8704804279629895"
"sgd_042637","mil_2471","0.8704804279629895"
"sgd_029721","mil_3893","0.8704804279629895"
"sgd_037477","mil_3821","0.8704804279629895"
"sgd_002013","mil_1484","0.8704804279629895"
"sgd_004854","mil_1556","0.8704804279629895"
"sgd_004855","mil_1556","0.8704804279629895"
"sgd_004856","mil_1556","0.8704804279629895"
"sgd_031145","mil_1556","0.8704804279629895"
"sgd_031144","mil_1556","0.8704804279629895"
"sgd_011176","mil_3246","0.8704804279629895"
"sgd_005224","mil_0934","0.8704804279629895"
"sgd_003016","mil_0822","0.8704804279629895"
"sgd_002014","mil_4150","0.8704804279629895"
"sgd_002015","mil_4150","0.8704804279629895"
"sgd_012298","mil_2216","0.8704804279629895"
"sgd_039261","mil_2812","0.8704804279629895"
"sgd_025564","mil_4469","0.8704804279629895"
"sgd_006987","mil_0023","0.8704804279629895"
"sgd_001493","mil_4469","0.8704804279629895"
"sgd_001494","mil_4469","0.8704804279629895"
"sgd_006988","mil_0023","0.8704804279629895"
"sgd_006989","mil_0023","0.8704804279629895"
"sgd_016778","mil_1063","0.8704804279629895"
"sgd_016779","mil_1063","0.8704804279629895"
"sgd_028171","mil_3251","0.8704804279629895"
"sgd_038850","mil_0280","0.8704804279629895"
"sgd_021207","mil_1247","0.8704804279629895"
"sgd_027284","mil_3518","0.8704804279629895"
"sgd_042407","mil_0956","0.8704804279629895"
"sgd_030857","mil_2635","0.8704804279629895"
"sgd_030858","mil_2635","0.8704804279629895"
"sgd_051945","mil_2570","0.8704804279629895"
"sgd_018789","mil_2799","0.8704804279629895"
"sgd_012069","mil_1279","0.8704804279629895"
"sgd_031386","mil_1494","0.8704804279629895"
"sgd_005073","mil_1494","0.8704804279629895"
"sgd_042048","mil_1279","0.8704804279629895"
"sgd_031387","mil_1494","0.8704804279629895"
"sgd_018862","mil_2150","0.8704804279629895"
"sgd_040318","mil_1302","0.8704804279629895"
"sgd_037485","mil_4637","0.8704804279629895"
"sgd_027290","mil_0666","0.8704804279629895"
"sgd_026550","mil_3178","0.8704804279629895"
"sgd_011448","mil_4343","0.8704804279629895"
"sgd_027289","mil_0666","0.8704804279629895"
"sgd_002024","mil_3178","0.8704804279629895"
"sgd_002535","mil_0666","0.8704804279629895"
"sgd_003256","mil_0294","0.8704804279629895"
"sgd_025470","mil_0639","0.8704804279629895"
"sgd_019445","mil_3574","0.8704804279629895"
"sgd_025471","mil_0639","0.8704804279629895"
"sgd_009861","mil_3486","0.8704804279629895"
"sgd_038852","mil_3486","0.8704804279629895"
"sgd_019826","mil_0356","0.8704804279629895"
"sgd_019827","mil_2354","0.8704804279629895"
"sgd_010820","mil_0904","0.8704804279629895"
"sgd_022586","mil_2366","0.8704804279629895"
"sgd_028814","mil_0421","0.8704804279629895"
"sgd_005037","mil_4189","0.8704804279629895"
"sgd_031321","mil_4189","0.8704804279629895"
"sgd_031323","mil_4189","0.8704804279629895"
"sgd_031324","mil_4189","0.8704804279629895"
"sgd_031325","mil_4189","0.8704804279629895"
"sgd_031326","mil_4189","0.8704804279629895"
"sgd_013026","mil_4295","0.8704804279629895"
"sgd_050774","mil_1939","0.8704804279629895"
"sgd_013027","mil_4295","0.8704804279629895"
"sgd_011724","mil_3681","0.8704804279629895"
"sgd_011725","mil_3681","0.8704804279629895"
"sgd_002539","mil_2355","0.8704804279629895"
"sgd_002540","mil_2355","0.8704804279629895"
"sgd_031634","mil_2352","0.8704804279629895"
"sgd_012213","mil_3973","0.8704804279629895"
"sgd_035625","mil_3024","0.8704804279629895"
"sgd_009167","mil_2180","0.8704804279629895"
"sgd_037488","mil_2180","0.8704804279629895"
"sgd_021211","mil_3789","0.8704804279629895"
"sgd_035626","mil_3024","0.8704804279629895"
"sgd_036663","mil_1900","0.8704804279629895"
"sgd_032899","mil_0534","0.8704804279629895"
"sgd_014218","mil_3869","0.8704804279629895"
"sgd_032900","mil_0534","0.8704804279629895"
"sgd_047494","mil_2532","0.8704804279629895"
"sgd_025264","mil_1842","0.8704804279629895"
"sgd_032901","mil_0534","0.8704804279629895"
"sgd_025263","mil_1842","0.8704804279629895"
"sgd_002545","mil_2107","0.8704804279629895"
"sgd_047495","mil_2532","0.8704804279629895"
"sgd_001498","mil_1587","0.8704804279629895"
"sgd_002546","mil_2107","0.8704804279629895"
"sgd_006266","mil_4341","0.8704804279629895"
"sgd_043527","mil_1631","0.8704804279629895"
"sgd_006267","mil_4341","0.8704804279629895"
"sgd_041533","mil_3516","0.8704804279629895"
"sgd_030866","mil_2691","0.8704804279629895"
"sgd_000268","mil_0628","0.8704804279629895"
"sgd_045037","mil_1344","0.8704804279629895"
"sgd_030867","mil_2691","0.8704804279629895"
"sgd_011181","mil_1518","0.8704804279629895"
"sgd_054124","mil_1804","0.8704804279629895"
"sgd_045038","mil_1344","0.8704804279629895"
"sgd_049910","mil_4780","0.8704804279629895"
"sgd_049911","mil_4780","0.8704804279629895"
"sgd_016868","mil_4780","0.8704804279629895"
"sgd_026562","mil_4528","0.8704804279629895"
"sgd_002029","mil_4528","0.8704804279629895"
"sgd_028815","mil_0967","0.8704804279629895"
"sgd_038763","mil_3221","0.8704804279629895"
"sgd_016788","mil_2028","0.8704804279629895"
"sgd_016789","mil_2028","0.8704804279629895"
"sgd_011453","mil_4212","0.8704804279629895"
"sgd_010075","mil_0349","0.8704804279629895"
"sgd_033763","mil_0431","0.8704804279629895"
"sgd_006692","mil_0431","0.8704804279629895"
"sgd_033764","mil_0431","0.8704804279629895"
"sgd_016790","mil_2028","0.8704804279629895"
"sgd_016791","mil_2028","0.8704804279629895"
"sgd_011454","mil_0072","0.8704804279629895"
"sgd_011455","mil_0072","0.8704804279629895"
"sgd_011182","mil_2316","0.8704804279629895"
"sgd_054126","mil_3140","0.8704804279629895"
"sgd_011456","mil_0072","0.8704804279629895"
"sgd_051952","mil_3204","0.8704804279629895"
"sgd_022591","mil_3738","0.8704804279629895"
"sgd_022590","mil_3738","0.8704804279629895"
"sgd_019449","mil_0836","0.8704804279629895"
"sgd_019450","mil_0836","0.8704804279629895"
"sgd_028344","mil_0540","0.8704804279629895"
"sgd_011183","mil_4440","0.8704804279629895"
"sgd_030869","mil_2270","0.8704804279629895"
"sgd_030870","mil_2270","0.8704804279629895"
"sgd_019451","mil_0836","0.8704804279629895"
"sgd_053481","mil_0836","0.8704804279629895"
"sgd_046029","mil_4175","0.8704804279629895"
"sgd_047499","mil_1455","0.8704804279629895"
"sgd_054533","mil_2257","0.8704804279629895"
"sgd_054532","mil_2257","0.8704804279629895"
"sgd_047500","mil_1455","0.8704804279629895"
"sgd_045630","mil_1068","0.8704804279629895"
"sgd_047786","mil_4408","0.8704804279629895"
"sgd_020984","mil_4014","0.8704804279629895"
"sgd_050829","mil_3556","0.8704804279629895"
"sgd_020986","mil_4014","0.8704804279629895"
"sgd_047787","mil_4408","0.8704804279629895"
"sgd_047788","mil_4408","0.8704804279629895"
"sgd_037492","mil_2123","0.8704804279629895"
"sgd_034189","mil_4422","0.8704804279629895"
"sgd_042416","mil_0633","0.8704804279629895"
"sgd_012261","mil_0633","0.8704804279629895"
"sgd_003264","mil_1311","0.8704804279629895"
"sgd_047504","mil_0275","0.8704804279629895"
"sgd_047504","mil_4536","0.8704804279629895"
"sgd_052211","mil_1436","0.8704804279629895"
"sgd_003265","mil_1311","0.8704804279629895"
"sgd_052212","mil_1436","0.8704804279629895"
"sgd_018653","mil_4191","0.8704804279629895"
"sgd_022593","mil_1207","0.8704804279629895"
"sgd_018654","mil_4191","0.8704804279629895"
"sgd_039282","mil_2507","0.8704804279629895"
"sgd_025217","mil_4081","0.8704804279629895"
"sgd_037493","mil_1606","0.8704804279629895"
"sgd_025585","mil_3253","0.8704804279629895"
"sgd_054534","mil_0730","0.8704804279629895"
"sgd_029764","mil_3897","0.8704804279629895"
"sgd_011459","mil_0816","0.8704804279629895"
"sgd_029521","mil_4622","0.8704804279629895"
"sgd_037494","mil_1606","0.8704804279629895"
"sgd_001501","mil_3253","0.8704804279629895"
"sgd_033769","mil_2305","0.8704804279629895"
"sgd_033769","mil_1737","0.8704804279629895"
"sgd_033770","mil_1737","0.8704804279629895"
"sgd_019455","mil_2229","0.8704804279629895"
"sgd_031178","mil_2120","0.8704804279629895"
"sgd_033771","mil_1737","0.8704804279629895"
"sgd_019456","mil_2229","0.8704804279629895"
"sgd_053485","mil_2229","0.8704804279629895"
"sgd_001851","mil_4789","0.8704804279629895"
"sgd_007634","mil_1225","0.8704804279629895"
"sgd_035629","mil_1225","0.8704804279629895"
"sgd_046033","mil_0334","0.8704804279629895"
"sgd_013582","mil_2871","0.8704804279629895"
"sgd_031644","mil_1451","0.8704804279629895"
"sgd_007009","mil_4289","0.8704804279629895"
"sgd_039287","mil_3773","0.8704804279629895"
"sgd_055843","mil_3555","0.8704804279629895"
"sgd_050830","mil_4005","0.8704804279629895"
"sgd_055369","mil_0624","0.8704804279629895"
"sgd_015249","mil_1840","0.8704804279629895"
"sgd_004960","mil_3260","0.8704804279629895"
"sgd_042663","mil_1188","0.8704804279629895"
"sgd_004961","mil_3260","0.8704804279629895"
"sgd_020990","mil_0624","0.8704804279629895"
"sgd_035141","mil_2959","0.8704804279629895"
"sgd_035143","mil_2959","0.8704804279629895"
"sgd_016801","mil_3054","0.8704804279629895"
"sgd_016801","mil_2745","0.8704804279629895"
"sgd_014658","mil_4510","0.8704804279629895"
"sgd_026583","mil_4366","0.8704804279629895"
"sgd_049769","mil_2745","0.8704804279629895"
"sgd_049770","mil_2745","0.8704804279629895"
"sgd_049771","mil_2745","0.8704804279629895"
"sgd_046453","mil_4510","0.8704804279629895"
"sgd_002044","mil_4366","0.8704804279629895"
"sgd_026584","mil_4366","0.8704804279629895"
"sgd_014659","mil_4510","0.8704804279629895"
"sgd_044662","mil_4074","0.8704804279629895"
"sgd_043765","mil_2561","0.8704804279629895"
"sgd_033020","mil_2711","0.8704804279629895"
"sgd_053489","mil_2220","0.8704804279629895"
"sgd_043766","mil_2561","0.8704804279629895"
"sgd_019458","mil_2220","0.8704804279629895"
"sgd_049774","mil_1638","0.8704804279629895"
"sgd_030643","mil_3291","0.8704804279629895"
"sgd_042665","mil_0223","0.8704804279629895"
"sgd_030644","mil_3291","0.8704804279629895"
"sgd_051969","mil_0617","0.8704804279629895"
"sgd_051970","mil_0617","0.8704804279629895"
"sgd_003030","mil_2009","0.8704804279629895"
"sgd_003031","mil_2009","0.8704804279629895"
"sgd_004971","mil_1787","0.8704804279629895"
"sgd_033572","mil_4775","0.8704804279629895"
"sgd_033571","mil_4775","0.8704804279629895"
"sgd_016805","mil_2015","0.8704804279629895"
"sgd_019842","mil_2503","0.8704804279629895"
"sgd_016806","mil_0505","0.8704804279629895"
"sgd_019843","mil_2503","0.8704804279629895"
"sgd_054138","mil_2503","0.8704804279629895"
"sgd_041272","mil_3002","0.8704804279629895"
"sgd_028186","mil_1325","0.8704804279629895"
"sgd_049776","mil_0505","0.8704804279629895"
"sgd_028185","mil_1325","0.8704804279629895"
"sgd_002048","mil_3850","0.8704804279629895"
"sgd_025598","mil_0958","0.8704804279629895"
"sgd_002564","mil_1846","0.8704804279629895"
"sgd_025856","mil_4740","0.8704804279629895"
"sgd_025599","mil_0958","0.8704804279629895"
"sgd_002565","mil_1846","0.8704804279629895"
"sgd_025859","mil_4740","0.8704804279629895"
"sgd_025857","mil_4740","0.8704804279629895"
"sgd_025858","mil_4740","0.8704804279629895"
"sgd_005384","mil_1693","0.8704804279629895"
"sgd_025878","mil_4740","0.8704804279629895"
"sgd_051974","mil_2886","0.8704804279629895"
"sgd_051975","mil_2886","0.8704804279629895"
"sgd_054136","mil_1719","0.8704804279629895"
"sgd_011627","mil_3068","0.8704804279629895"
"sgd_055847","mil_0333","0.8704804279629895"
"sgd_055390","mil_0614","0.8704804279629895"
"sgd_041730","mil_3068","0.8704804279629895"
"sgd_011632","mil_3068","0.8704804279629895"
"sgd_020994","mil_0614","0.8704804279629895"
"sgd_011633","mil_3068","0.8704804279629895"
"sgd_028352","mil_4065","0.8704804279629895"
"sgd_055389","mil_0614","0.8704804279629895"
"sgd_011631","mil_3068","0.8704804279629895"
"sgd_054137","mil_0824","0.8704804279629895"
"sgd_050840","mil_2386","0.8704804279629895"
"sgd_001345","mil_3058","0.8704804279629895"
"sgd_047918","mil_3832","0.8704804279629895"
"sgd_026588","mil_0866","0.8704804279629895"
"sgd_015763","mil_3832","0.8704804279629895"
"sgd_026598","mil_0866","0.8704804279629895"
"sgd_055851","mil_3044","0.8704804279629895"
"sgd_002050","mil_4022","0.8704804279629895"
"sgd_015686","mil_4507","0.8704804279629895"
"sgd_026600","mil_4022","0.8704804279629895"
"sgd_026601","mil_4022","0.8704804279629895"
"sgd_052221","mil_0449","0.8704804279629895"
"sgd_016807","mil_0806","0.8704804279629895"
"sgd_002051","mil_4022","0.8704804279629895"
"sgd_052222","mil_0449","0.8704804279629895"
"sgd_018796","mil_3367","0.8704804279629895"
"sgd_052223","mil_0449","0.8704804279629895"
"sgd_046463","mil_2374","0.8704804279629895"
"sgd_049779","mil_3326","0.8704804279629895"
"sgd_030675","mil_0939","0.8704804279629895"
"sgd_043785","mil_0394","0.8704804279629895"
"sgd_030676","mil_3346","0.8704804279629895"
"sgd_020996","mil_0773","0.8704804279629895"
"sgd_049780","mil_1930","0.8704804279629895"
"sgd_017564","mil_4347","0.8704804279629895"
"sgd_031410","mil_0685","0.8704804279629895"
"sgd_031411","mil_0685","0.8704804279629895"
"sgd_016808","mil_1930","0.8704804279629895"
"sgd_015523","mil_4456","0.8704804279629895"
"sgd_051981","mil_1867","0.8704804279629895"
"sgd_034940","mil_2238","0.8704804279629895"
"sgd_052229","mil_3630","0.8704804279629895"
"sgd_049917","mil_0747","0.8704804279629895"
"sgd_047818","mil_3792","0.8704804279629895"
"sgd_010083","mil_4048","0.8704804279629895"
"sgd_023064","mil_0299","0.8704804279629895"
"sgd_047819","mil_3792","0.8704804279629895"
"sgd_039295","mil_4048","0.8704804279629895"
"sgd_028851","mil_3611","0.8704804279629895"
"sgd_003991","mil_1983","0.8704804279629895"
"sgd_012811","mil_3718","0.8704804279629895"
"sgd_045332","mil_0270","0.8704804279629895"
"sgd_033582","mil_4315","0.8704804279629895"
"sgd_022596","mil_2202","0.8704804279629895"
"sgd_016812","mil_2613","0.8704804279629895"
"sgd_049784","mil_2613","0.8704804279629895"
"sgd_049783","mil_2613","0.8704804279629895"
"sgd_009177","mil_4388","0.8704804279629895"
"sgd_009176","mil_4388","0.8704804279629895"
"sgd_046045","mil_4556","0.8704804279629895"
"sgd_009178","mil_4388","0.8704804279629895"
"sgd_027350","mil_1215","0.8704804279629895"
"sgd_004991","mil_3744","0.8704804279629895"
"sgd_004992","mil_3744","0.8704804279629895"
"sgd_004993","mil_3744","0.8704804279629895"
"sgd_027351","mil_1215","0.8704804279629895"
"sgd_004994","mil_3744","0.8704804279629895"
"sgd_002058","mil_4377","0.8704804279629895"
"sgd_026613","mil_4377","0.8704804279629895"
"sgd_026614","mil_4377","0.8704804279629895"
"sgd_040089","mil_2853","0.8704804279629895"
"sgd_026615","mil_4377","0.8704804279629895"
"sgd_020998","mil_3997","0.8704804279629895"
"sgd_055404","mil_3997","0.8704804279629895"
"sgd_055403","mil_3997","0.8704804279629895"
"sgd_033784","mil_4567","0.8704804279629895"
"sgd_035457","mil_3328","0.8704804279629895"
"sgd_023089","mil_0140","0.8704804279629895"
"sgd_021748","mil_4702","0.8704804279629895"
"sgd_035643","mil_4231","0.8704804279629895"
"sgd_023090","mil_0140","0.8704804279629895"
"sgd_041278","mil_3493","0.8704804279629895"
"sgd_041279","mil_3493","0.8704804279629895"
"sgd_035644","mil_4231","0.8704804279629895"
"sgd_040094","mil_4727","0.8704804279629895"
"sgd_010473","mil_4727","0.8704804279629895"
"sgd_040095","mil_4727","0.8704804279629895"
"sgd_031650","mil_1389","0.8704804279629895"
"sgd_010474","mil_4727","0.8704804279629895"
"sgd_010475","mil_4727","0.8704804279629895"
"sgd_022863","mil_3036","0.8704804279629895"
"sgd_055857","mil_1093","0.8704804279629895"
"sgd_030890","mil_3034","0.8704804279629895"
"sgd_026622","mil_3191","0.8704804279629895"
"sgd_023527","mil_0914","0.8704804279629895"
"sgd_026623","mil_3191","0.8704804279629895"
"sgd_026624","mil_3191","0.8704804279629895"
"sgd_037505","mil_4639","0.8704804279629895"
"sgd_012818","mil_3391","0.8704804279629895"
"sgd_012819","mil_3391","0.8704804279629895"
"sgd_055410","mil_0024","0.8704804279629895"
"sgd_055411","mil_0024","0.8704804279629895"
"sgd_046467","mil_1414","0.8704804279629895"
"sgd_027366","mil_3062","0.8704804279629895"
"sgd_021533","mil_3155","0.8704804279629895"
"sgd_021533","mil_3824","0.8704804279629895"
"sgd_046468","mil_1414","0.8704804279629895"
"sgd_009179","mil_1135","0.8704804279629895"
"sgd_046049","mil_0146","0.8704804279629895"
"sgd_035177","mil_3318","0.8704804279629895"
"sgd_035176","mil_3318","0.8704804279629895"
"sgd_035649","mil_0027","0.8704804279629895"
"sgd_033788","mil_2496","0.8704804279629895"
"sgd_032699","mil_3998","0.8704804279629895"
"sgd_016816","mil_4387","0.8704804279629895"
"sgd_016816","mil_3386","0.8704804279629895"
"sgd_049789","mil_3386","0.8704804279629895"
"sgd_049790","mil_3386","0.8704804279629895"
"sgd_037509","mil_3376","0.8704804279629895"
"sgd_017611","mil_1549","0.8704804279629895"
"sgd_034946","mil_3689","0.8704804279629895"
"sgd_034947","mil_3689","0.8704804279629895"
"sgd_032622","mil_2049","0.8704804279629895"
"sgd_050844","mil_1549","0.8704804279629895"
"sgd_021000","mil_2345","0.8704804279629895"
"sgd_006182","mil_2049","0.8704804279629895"
"sgd_021222","mil_1383","0.8704804279629895"
"sgd_021222","mil_0834","0.8704804279629895"
"sgd_047515","mil_1756","0.8704804279629895"
"sgd_041828","mil_3991","0.8704804279629895"
"sgd_021223","mil_0834","0.8704804279629895"
"sgd_021223","mil_2418","0.8704804279629895"
"sgd_041829","mil_2821","0.8704804279629895"
"sgd_055859","mil_2418","0.8704804279629895"
"sgd_052169","mil_2931","0.8704804279629895"
"sgd_003065","mil_3357","0.8704804279629895"
"sgd_015270","mil_3093","0.8704804279629895"
"sgd_018836","mil_3708","0.8704804279629895"
"sgd_019850","mil_1620","0.8704804279629895"
"sgd_000176","mil_1874","0.8704804279629895"
"sgd_003995","mil_2463","0.8704804279629895"
"sgd_000174","mil_1874","0.8704804279629895"
"sgd_029249","mil_2463","0.8704804279629895"
"sgd_029250","mil_2463","0.8704804279629895"
"sgd_055860","mil_2379","0.8704804279629895"
"sgd_051991","mil_0780","0.8704804279629895"
"sgd_017754","mil_1596","0.8704804279629895"
"sgd_012828","mil_2361","0.8704804279629895"
"sgd_017756","mil_1596","0.8704804279629895"
"sgd_012829","mil_2361","0.8704804279629895"
"sgd_043547","mil_2754","0.8704804279629895"
"sgd_013776","mil_3901","0.8704804279629895"
"sgd_019475","mil_2867","0.8704804279629895"
"sgd_012830","mil_2754","0.8704804279629895"
"sgd_037514","mil_1374","0.8704804279629895"
"sgd_037513","mil_1374","0.8704804279629895"
"sgd_019476","mil_2867","0.8704804279629895"
"sgd_040350","mil_2006","0.8704804279629895"
"sgd_010627","mil_2006","0.8704804279629895"
"sgd_054567","mil_1823","0.8704804279629895"
"sgd_054568","mil_1823","0.8704804279629895"
"sgd_054569","mil_1823","0.8704804279629895"
"sgd_055866","mil_2343","0.8704804279629895"
"sgd_005524","mil_1139","0.8704804279629895"
"sgd_034956","mil_0495","0.8704804279629895"
"sgd_016826","mil_3344","0.8704804279629895"
"sgd_016826","mil_0487","0.8704804279629895"
"sgd_049791","mil_3344","0.8704804279629895"
"sgd_049791","mil_0487","0.8704804279629895"
"sgd_005525","mil_1139","0.8704804279629895"
"sgd_049792","mil_0487","0.8704804279629895"
"sgd_016827","mil_0487","0.8704804279629895"
"sgd_049793","mil_0487","0.8704804279629895"
"sgd_052170","mil_4305","0.8704804279629895"
"sgd_034957","mil_1797","0.8704804279629895"
"sgd_011759","mil_0245","0.8704804279629895"
"sgd_029558","mil_4695","0.8704804279629895"
"sgd_011760","mil_0245","0.8704804279629895"
"sgd_004123","mil_4695","0.8704804279629895"
"sgd_029559","mil_4695","0.8704804279629895"
"sgd_004124","mil_4695","0.8704804279629895"
"sgd_045644","mil_1284","0.8704804279629895"
"sgd_022606","mil_2608","0.8704804279629895"
"sgd_025626","mil_0261","0.8704804279629895"
"sgd_045645","mil_3964","0.8704804279629895"
"sgd_014231","mil_0613","0.8704804279629895"
"sgd_012656","mil_0678","0.8704804279629895"
"sgd_047846","mil_3777","0.8704804279629895"
"sgd_016830","mil_3226","0.8704804279629895"
"sgd_016831","mil_0646","0.8704804279629895"
"sgd_050993","mil_3455","0.8704804279629895"
"sgd_049798","mil_0646","0.8704804279629895"
"sgd_045095","mil_4683","0.8704804279629895"
"sgd_047527","mil_1199","0.8704804279629895"
"sgd_045096","mil_4683","0.8704804279629895"
"sgd_018805","mil_0414","0.8704804279629895"
"sgd_026305","mil_3888","0.8704804279629895"
"sgd_047528","mil_1199","0.8704804279629895"
"sgd_047849","mil_0274","0.8704804279629895"
"sgd_018806","mil_0414","0.8704804279629895"
"sgd_015710","mil_0274","0.8704804279629895"
"sgd_019259","mil_3721","0.8704804279629895"
"sgd_015276","mil_1776","0.8704804279629895"
"sgd_032038","mil_1809","0.8704804279629895"
"sgd_006204","mil_3599","0.8704804279629895"
"sgd_005528","mil_1809","0.8704804279629895"
"sgd_032630","mil_3599","0.8704804279629895"
"sgd_032039","mil_1809","0.8704804279629895"
"sgd_021006","mil_2211","0.8704804279629895"
"sgd_035659","mil_2093","0.8704804279629895"
"sgd_055421","mil_2211","0.8704804279629895"
"sgd_007649","mil_2093","0.8704804279629895"
"sgd_044670","mil_1411","0.8704804279629895"
"sgd_034966","mil_3690","0.8704804279629895"
"sgd_019262","mil_4660","0.8704804279629895"
"sgd_010089","mil_0315","0.8704804279629895"
"sgd_000195","mil_0935","0.8704804279629895"
"sgd_054155","mil_1014","0.8704804279629895"
"sgd_021445","mil_1244","0.8704804279629895"
"sgd_053531","mil_0207","0.8704804279629895"
"sgd_053532","mil_0207","0.8704804279629895"
"sgd_029260","mil_0094","0.8704804279629895"
"sgd_053533","mil_0207","0.8704804279629895"
"sgd_000196","mil_0501","0.8704804279629895"
"sgd_050801","mil_4075","0.8704804279629895"
"sgd_051333","mil_1504","0.8704804279629895"
"sgd_055873","mil_2447","0.8704804279629895"
"sgd_039313","mil_4634","0.8704804279629895"
"sgd_039313","mil_1019","0.8704804279629895"
"sgd_039313","mil_2135","0.8704804279629895"
"sgd_039314","mil_4634","0.8704804279629895"
"sgd_039314","mil_1019","0.8704804279629895"
"sgd_039314","mil_2135","0.8704804279629895"
"sgd_039315","mil_1019","0.8704804279629895"
"sgd_039315","mil_2135","0.8704804279629895"
"sgd_051334","mil_1504","0.8704804279629895"
"sgd_014242","mil_3139","0.8704804279629895"
"sgd_040122","mil_4351","0.8704804279629895"
"sgd_039904","mil_3442","0.8704804279629895"
"sgd_010490","mil_4351","0.8704804279629895"
"sgd_010334","mil_3442","0.8704804279629895"
"sgd_039905","mil_3442","0.8704804279629895"
"sgd_010335","mil_3442","0.8704804279629895"
"sgd_017578","mil_0632","0.8704804279629895"
"sgd_053536","mil_3768","0.8704804279629895"
"sgd_053074","mil_2761","0.8704804279629895"
"sgd_053537","mil_3768","0.8704804279629895"
"sgd_017579","mil_0632","0.8704804279629895"
"sgd_053538","mil_3768","0.8704804279629895"
"sgd_050850","mil_3464","0.8704804279629895"
"sgd_015282","mil_0227","0.8704804279629895"
"sgd_025638","mil_3633","0.8704804279629895"
"sgd_025639","mil_3633","0.8704804279629895"
"sgd_021450","mil_1698","0.8704804279629895"
"sgd_056283","mil_1698","0.8704804279629895"
"sgd_046057","mil_4399","0.8704804279629895"
"sgd_054598","mil_2862","0.8704804279629895"
"sgd_056827","mil_0823","0.8704804279629895"
"sgd_015284","mil_2572","0.8704804279629895"
"sgd_035461","mil_2303","0.8704804279629895"
"sgd_019267","mil_4730","0.8704804279629895"
"sgd_035462","mil_2303","0.8704804279629895"
"sgd_049934","mil_0916","0.8704804279629895"
"sgd_019872","mil_1881","0.8704804279629895"
"sgd_049935","mil_0916","0.8704804279629895"
"sgd_035664","mil_2530","0.8704804279629895"
"sgd_030921","mil_3519","0.8704804279629895"
"sgd_030920","mil_3519","0.8704804279629895"
"sgd_035665","mil_2530","0.8704804279629895"
"sgd_035665","mil_3176","0.8704804279629895"
"sgd_035666","mil_2530","0.8704804279629895"
"sgd_035666","mil_3176","0.8704804279629895"
"sgd_035663","mil_2530","0.8704804279629895"
"sgd_035663","mil_3176","0.8704804279629895"
"sgd_049810","mil_0402","0.8704804279629895"
"sgd_035667","mil_3176","0.8704804279629895"
"sgd_021010","mil_2777","0.8704804279629895"
"sgd_049811","mil_0402","0.8704804279629895"
"sgd_049812","mil_0402","0.8704804279629895"
"sgd_055876","mil_0728","0.8704804279629895"
"sgd_055876","mil_4391","0.8704804279629895"
"sgd_035668","mil_0774","0.8704804279629895"
"sgd_000214","mil_3732","0.8704804279629895"
"sgd_001481","mil_0777","0.8704804279629895"
"sgd_001482","mil_0777","0.8704804279629895"
"sgd_025643","mil_0172","0.8704804279629895"
"sgd_001483","mil_0777","0.8704804279629895"
"sgd_001484","mil_0777","0.8704804279629895"
"sgd_001485","mil_0777","0.8704804279629895"
"sgd_034973","mil_0045","0.8704804279629895"
"sgd_050805","mil_3812","0.8704804279629895"
"sgd_017588","mil_3812","0.8704804279629895"
"sgd_035669","mil_1674","0.8704804279629895"
"sgd_007656","mil_1674","0.8704804279629895"
"sgd_011771","mil_1570","0.8704804279629895"
"sgd_011772","mil_1570","0.8704804279629895"
"sgd_014247","mil_3498","0.8704804279629895"
"sgd_049814","mil_1476","0.8704804279629895"
"sgd_014682","mil_4216","0.8704804279629895"
"sgd_014683","mil_4216","0.8704804279629895"
"sgd_038878","mil_4070","0.8704804279629895"
"sgd_032054","mil_4066","0.8704804279629895"
"sgd_014684","mil_4216","0.8704804279629895"
"sgd_032055","mil_4066","0.8704804279629895"
"sgd_009865","mil_4070","0.8704804279629895"
"sgd_012843","mil_0371","0.8704804279629895"
"sgd_009866","mil_4070","0.8704804279629895"
"sgd_014685","mil_4216","0.8704804279629895"
"sgd_032056","mil_4066","0.8704804279629895"
"sgd_052901","mil_4436","0.8704804279629895"
"sgd_012844","mil_0371","0.8704804279629895"
"sgd_012845","mil_0371","0.8704804279629895"
"sgd_052902","mil_4436","0.8704804279629895"
"sgd_012846","mil_0371","0.8704804279629895"
"sgd_046063","mil_4306","0.8704804279629895"
"sgd_041291","mil_4007","0.8704804279629895"
"sgd_050855","mil_3214","0.8704804279629895"
"sgd_008236","mil_2460","0.8704804279629895"
"sgd_053084","mil_0598","0.8704804279629895"
"sgd_012854","mil_1034","0.8704804279629895"
"sgd_012854","mil_2889","0.8704804279629895"
"sgd_012855","mil_1034","0.8704804279629895"
"sgd_012855","mil_2889","0.8704804279629895"
"sgd_055433","mil_2168","0.8704804279629895"
"sgd_012856","mil_1034","0.8704804279629895"
"sgd_012856","mil_2889","0.8704804279629895"
"sgd_055432","mil_2168","0.8704804279629895"
"sgd_012857","mil_1034","0.8704804279629895"
"sgd_012857","mil_2889","0.8704804279629895"
"sgd_008355","mil_0160","0.8704804279629895"
"sgd_056286","mil_4280","0.8704804279629895"
"sgd_034976","mil_0240","0.8704804279629895"
"sgd_052183","mil_2019","0.8704804279629895"
"sgd_052185","mil_1075","0.8704804279629895"
"sgd_052184","mil_1075","0.8704804279629895"
"sgd_012861","mil_0974","0.8704804279629895"
"sgd_052186","mil_1075","0.8704804279629895"
"sgd_006319","mil_0044","0.8704804279629895"
"sgd_012862","mil_0974","0.8704804279629895"
"sgd_018809","mil_1075","0.8704804279629895"
"sgd_053085","mil_1228","0.8704804279629895"
"sgd_052261","mil_1143","0.8704804279629895"
"sgd_006320","mil_0044","0.8704804279629895"
"sgd_006321","mil_0044","0.8704804279629895"
"sgd_046068","mil_4403","0.8704804279629895"
"sgd_017601","mil_1221","0.8704804279629895"
"sgd_049894","mil_0317","0.8704804279629895"
"sgd_021236","mil_4068","0.8704804279629895"
"sgd_037533","mil_3020","0.8704804279629895"
"sgd_046480","mil_1835","0.8704804279629895"
"sgd_055884","mil_4068","0.8704804279629895"
"sgd_037534","mil_3020","0.8704804279629895"
"sgd_012287","mil_3225","0.8704804279629895"
"sgd_012286","mil_3225","0.8704804279629895"
"sgd_037535","mil_3020","0.8704804279629895"
"sgd_012288","mil_3225","0.8704804279629895"
"sgd_023114","mil_1667","0.8704804279629895"
"sgd_010645","mil_4344","0.8704804279629895"
"sgd_016834","mil_2827","0.8704804279629895"
"sgd_032441","mil_4576","0.8704804279629895"
"sgd_017602","mil_0895","0.8704804279629895"
"sgd_040376","mil_1621","0.8704804279629895"
"sgd_053088","mil_4165","0.8704804279629895"
"sgd_029583","mil_2967","0.8704804279629895"
"sgd_029866","mil_0278","0.8704804279629895"
"sgd_000234","mil_1907","0.8704804279629895"
"sgd_000235","mil_1907","0.8704804279629895"
"sgd_025663","mil_3772","0.8704804279629895"
"sgd_003322","mil_2384","0.8704804279629895"
"sgd_015296","mil_3281","0.8704804279629895"
"sgd_053564","mil_3770","0.8704804279629895"
"sgd_019214","mil_0052","0.8704804279629895"
"sgd_014250","mil_4525","0.8704804279629895"
"sgd_038838","mil_1183","0.8704804279629895"
"sgd_038839","mil_1183","0.8704804279629895"
"sgd_038843","mil_1183","0.8704804279629895"
"sgd_038841","mil_1183","0.8704804279629895"
"sgd_017619","mil_0699","0.8704804279629895"
"sgd_017620","mil_0699","0.8704804279629895"
"sgd_038840","mil_1183","0.8704804279629895"
"sgd_017621","mil_0699","0.8704804279629895"
"sgd_053090","mil_2506","0.8704804279629895"
"sgd_053091","mil_2356","0.8704804279629895"
"sgd_027012","mil_2622","0.8704804279629895"
"sgd_051362","mil_2185","0.8704804279629895"
"sgd_051361","mil_2185","0.8704804279629895"
"sgd_036715","mil_1413","0.8704804279629895"
"sgd_032733","mil_2706","0.8704804279629895"
"sgd_003742","mil_0153","0.8704804279629895"
"sgd_003743","mil_0153","0.8704804279629895"
"sgd_002507","mil_2429","0.8704804279629895"
"sgd_002508","mil_2429","0.8704804279629895"
"sgd_002509","mil_2429","0.8704804279629895"
"sgd_002513","mil_2429","0.8704804279629895"
"sgd_002510","mil_2429","0.8704804279629895"
"sgd_007350","mil_1682","0.8704804279629895"
"sgd_027261","mil_2429","0.8704804279629895"
"sgd_002512","mil_2429","0.8704804279629895"
"sgd_007351","mil_2244","0.8704804279629895"
"sgd_034983","mil_2244","0.8704804279629895"
"sgd_056292","mil_2808","0.8704804279629895"
"sgd_046485","mil_2912","0.8704804279629895"
"sgd_045365","mil_4659","0.8704804279629895"
"sgd_019220","mil_2700","0.8704804279629895"
"sgd_013792","mil_4659","0.8704804279629895"
"sgd_003745","mil_0040","0.8704804279629895"
