"sgd_035626","mil_3024","1.0"
"sgd_050433","mil_2259","0.7375"
"sgd_051955","mil_3928","0.75"
"sgd_001485","mil_0777","1.0"
"sgd_018099","mil_3062","0.825"
"sgd_043764","mil_4349","0.72"
"sgd_046633","mil_1723","0.7375"
"sgd_054489","mil_0817","0.8727272727272728"
"sgd_003456","mil_2876","0.7117647058823529"
"sgd_055860","mil_2379","1.0"
"sgd_051010","mil_1836","0.72"
"sgd_039614","mil_0406","0.7375"
"sgd_005770","mil_1232","0.75"
"sgd_003256","mil_0294","1.0"
"sgd_038262","mil_2573","0.8"
"sgd_056077","mil_4638","0.7277777777777779"
"sgd_008355","mil_0160","1.0"
"sgd_054414","mil_1156","0.8"
"sgd_015611","mil_0118","0.7117647058823529"
"sgd_042084","mil_2888","0.72"
"sgd_004216","mil_0037","0.75"
"sgd_018796","mil_3367","1.0"
"sgd_010046","mil_0816","0.72"
"sgd_002170","mil_3928","0.72"
"sgd_024149","mil_4547","0.78125"
"sgd_017460","mil_2876","0.72"
"sgd_002895","mil_1462","0.72"
"sgd_032056","mil_4066","1.0"
"sgd_001289","mil_1805","0.7846153846153845"
"sgd_001516","mil_2917","0.7117647058823529"
"sgd_036187","mil_1316","0.72"
"sgd_037472","mil_1067","0.8285714285714285"
"sgd_001820","mil_1677","0.7375"
"sgd_020862","mil_1734","0.7529411764705882"
"sgd_016603","mil_0052","0.7666666666666666"
"sgd_045733","mil_4328","0.8133333333333332"
"sgd_032424","mil_3772","0.75"
"sgd_025217","mil_4081","0.7"
"sgd_033616","mil_0770","0.75"
"sgd_009427","mil_3928","0.7117647058823529"
"sgd_016867","mil_1936","1.0"
"sgd_047483","mil_1997","1.0"
"sgd_040639","mil_3538","0.7117647058823529"
"sgd_021445","mil_1244","1.0"
"sgd_055858","mil_1634","0.7666666666666666"
"sgd_012831","mil_2016","0.7375"
"sgd_000034","mil_0427","0.78125"
"sgd_030610","mil_0639","0.72"
"sgd_027366","mil_1395","0.72"
"sgd_000195","mil_0935","1.0"
"sgd_050840","mil_2386","1.0"
"sgd_047372","mil_2465","0.75"
"sgd_051598","mil_0811","0.7846153846153845"
"sgd_015650","mil_3509","1.0"
"sgd_005562","mil_1437","0.72"
"sgd_053401","mil_2711","0.7375"
"sgd_052448","mil_4138","0.7117647058823529"
"sgd_024176","mil_1734","0.78125"
"sgd_038595","mil_2192","0.72"
"sgd_015680","mil_4261","0.75"
"sgd_025997","mil_1223","0.72"
"sgd_053091","mil_2356","1.0"
"sgd_031750","mil_3685","0.725"
"sgd_029555","mil_0526","0.7375"
"sgd_040831","mil_4195","0.7117647058823529"
"sgd_039180","mil_1156","0.72"
"sgd_016085","mil_2958","0.8384615384615384"
"sgd_035143","mil_2959","1.0"
"sgd_011025","mil_4349","0.72"
"sgd_003992","mil_4727","0.7117647058823529"
"sgd_035368","mil_1342","0.72"
"sgd_050688","mil_4748","0.72"
"sgd_037532","mil_3470","0.72"
"sgd_044526","mil_3921","0.72"
"sgd_010779","mil_0136","0.7117647058823529"
"sgd_039454","mil_3265","0.78125"
"sgd_007634","mil_1225","0.7"
"sgd_051268","mil_1575","0.72"
"sgd_012819","mil_3391","1.0"
"sgd_031412","mil_3938","0.7117647058823529"
"sgd_041426","mil_0362","0.7277777777777779"
"sgd_041022","mil_4013","0.7375"
"sgd_044926","mil_2811","0.75"
"sgd_009072","mil_1875","0.75"
"sgd_026309","mil_4690","0.72"
"sgd_005623","mil_3672","0.7529411764705882"
"sgd_033878","mil_2484","0.7117647058823529"
"sgd_006176","mil_3053","0.7846153846153845"
"sgd_002225","mil_0792","0.78125"
"sgd_038529","mil_1576","0.7117647058823529"
"sgd_034976","mil_0240","1.0"
"sgd_029337","mil_0827","0.7117647058823529"
"sgd_042704","mil_3314","0.7529411764705882"
"sgd_042572","mil_1115","0.7846153846153845"
"sgd_045940","mil_4286","0.7052631578947368"
"sgd_051560","mil_1416","0.7117647058823529"
"sgd_034564","mil_1498","0.7117647058823529"
"sgd_029362","mil_3379","0.7117647058823529"
"sgd_054155","mil_1014","1.0"
"sgd_006182","mil_2049","0.8714285714285713"
"sgd_019835","mil_1223","0.8384615384615384"
"sgd_000196","mil_0501","1.0"
"sgd_019827","mil_3652","0.72"
"sgd_022752","mil_0242","0.7666666666666666"
"sgd_006886","mil_2880","0.75"
"sgd_055907","mil_4397","0.72"
"sgd_006963","mil_1864","0.7117647058823529"
"sgd_002950","mil_4591","0.75"
"sgd_041998","mil_4785","0.7666666666666666"
"sgd_011407","mil_0119","0.7117647058823529"
"sgd_048015","mil_4245","0.7117647058823529"
"sgd_054127","mil_0540","0.8"
"sgd_007634","mil_0530","0.72"
"sgd_022572","mil_3967","0.72"
"sgd_007524","mil_2256","0.7375"
"sgd_003352","mil_2609","0.7117647058823529"
"sgd_035623","mil_0889","0.7846153846153845"
"sgd_005654","mil_4552","0.7052631578947368"
"sgd_043734","mil_2615","0.72"
"sgd_040252","mil_2259","0.72"
"sgd_013352","mil_2222","0.7117647058823529"
"sgd_050361","mil_4381","0.7117647058823529"
"sgd_035836","mil_3057","0.7375"
"sgd_044977","mil_0430","0.7375"
"sgd_041399","mil_3700","0.9571428571428571"
"sgd_005181","mil_0634","0.72"
"sgd_032425","mil_0231","0.72"
"sgd_029225","mil_0362","0.7375"
"sgd_030644","mil_3291","0.8999999999999999"
"sgd_029320","mil_1384","0.72"
"sgd_044173","mil_2666","0.78125"
"sgd_001046","mil_4114","0.7666666666666666"
"sgd_044748","mil_4220","0.7666666666666666"
"sgd_031625","mil_0135","0.75"
"sgd_035367","mil_0233","0.7666666666666666"
"sgd_043514","mil_2635","0.7117647058823529"
"sgd_014218","mil_3869","1.0"
"sgd_046078","mil_1484","0.7375"
"sgd_033190","mil_2670","0.7117647058823529"
"sgd_019590","mil_2876","0.72"
"sgd_050551","mil_3018","0.7117647058823529"
"sgd_010627","mil_2006","1.0"
"sgd_047253","mil_1451","0.7375"
"sgd_055413","mil_3569","0.8"
"sgd_048672","mil_3241","0.7117647058823529"
"sgd_035564","mil_4639","0.72"
"sgd_036922","mil_2374","0.7375"
"sgd_026941","mil_0707","0.78125"
"sgd_011257","mil_1341","0.7117647058823529"
"sgd_003934","mil_2588","0.72"
"sgd_020153","mil_2987","0.7529411764705882"
"sgd_035953","mil_4748","0.7277777777777779"
"sgd_023266","mil_1384","0.72"
"sgd_043889","mil_0480","0.7117647058823529"
"sgd_037044","mil_3707","0.75"
"sgd_050949","mil_1611","0.8133333333333332"
"sgd_022403","mil_3788","0.7529411764705882"
"sgd_024800","mil_4166","0.7941176470588236"
"sgd_045630","mil_1068","1.0"
"sgd_011772","mil_1570","1.0"
"sgd_007709","mil_2397","0.7375"
"sgd_009659","mil_2110","0.7117647058823529"
"sgd_056578","mil_0816","0.75"
"sgd_050902","mil_3092","0.75"
"sgd_031639","mil_1287","0.7666666666666666"
"sgd_019831","mil_3559","0.7666666666666666"
"sgd_042857","mil_0136","0.7117647058823529"
"sgd_034468","mil_0116","0.7117647058823529"
"sgd_022606","mil_2608","1.0"
"sgd_006363","mil_3821","0.7375"
"sgd_024986","mil_0151","0.75"
"sgd_024084","mil_4785","0.7117647058823529"
"sgd_048595","mil_0817","0.75"
"sgd_042663","mil_1188","1.0"
"sgd_018862","mil_2150","1.0"
"sgd_019458","mil_2220","1.0"
"sgd_004852","mil_0012","1.0"
"sgd_010264","mil_3921","0.7375"
"sgd_004216","mil_2880","0.7846153846153845"
"sgd_019187","mil_3992","0.72"
"sgd_000115","mil_0233","0.7529411764705882"
"sgd_037071","mil_2682","0.72"
"sgd_043527","mil_1631","1.0"
"sgd_041815","mil_1032","0.7375"
"sgd_011692","mil_1849","0.72"
"sgd_015741","mil_4325","0.72"
"sgd_044781","mil_3637","0.7117647058823529"
"sgd_021477","mil_4453","0.72"
"sgd_038568","mil_0642","0.7666666666666666"
"sgd_040593","mil_2606","0.7277777777777779"
"sgd_037168","mil_3601","0.7117647058823529"
"sgd_042256","mil_1084","0.7052631578947368"
"sgd_008389","mil_3065","0.7375"
"sgd_005696","mil_3336","0.75"
"sgd_005559","mil_1597","0.7117647058823529"
"sgd_025626","mil_0261","1.0"
"sgd_036381","mil_0903","0.7117647058823529"
"sgd_028194","mil_3479","0.7277777777777779"
"sgd_005192","mil_0616","0.8"
"sgd_029729","mil_4291","0.7375"
"sgd_034003","mil_1440","0.75"
"sgd_006886","mil_0037","0.72"
"sgd_021280","mil_1280","0.7529411764705882"
"sgd_009211","mil_3102","0.72"
"sgd_013146","mil_3500","0.7117647058823529"
"sgd_055548","mil_3637","0.7529411764705882"
"sgd_032609","mil_2736","0.7052631578947368"
"sgd_041398","mil_3700","1.0"
"sgd_017806","mil_1384","0.8384615384615384"
"sgd_032001","mil_0355","0.72"
"sgd_032398","mil_0005","0.7846153846153845"
"sgd_030190","mil_1828","0.7117647058823529"
"sgd_020990","mil_0624","1.0"
"sgd_005546","mil_3336","0.72"
"sgd_021518","mil_1849","0.7375"
"sgd_013234","mil_1798","0.78125"
"sgd_025252","mil_3893","0.72"
"sgd_043204","mil_2811","0.72"
"sgd_029521","mil_4622","1.0"
"sgd_001588","mil_2133","0.72"
"sgd_031862","mil_2620","0.72"
"sgd_027683","mil_3977","0.8384615384615384"
"sgd_005384","mil_1693","1.0"
"sgd_005193","mil_3921","0.72"
"sgd_019476","mil_2867","1.0"
"sgd_012862","mil_0974","1.0"
"sgd_035682","mil_1734","0.75"
"sgd_020661","mil_3769","0.7529411764705882"
"sgd_003909","mil_2805","0.7117647058823529"
"sgd_027290","mil_4535","0.7846153846153845"
"sgd_040376","mil_1621","1.0"
"sgd_033022","mil_2212","0.7277777777777779"
"sgd_049231","mil_0880","0.72"
"sgd_052235","mil_1945","0.7529411764705882"
"sgd_022583","mil_2736","1.0"
"sgd_052136","mil_3438","1.0"
"sgd_054897","mil_1836","0.72"
"sgd_005576","mil_3633","0.72"
"sgd_038763","mil_3221","1.0"
"sgd_002029","mil_4528","1.0"
"sgd_009362","mil_3565","0.7666666666666666"
"sgd_013006","mil_3921","0.72"
"sgd_010676","mil_3811","0.7846153846153845"
"sgd_003635","mil_0291","0.75"
"sgd_038008","mil_3671","0.7375"
"sgd_024174","mil_1501","0.7117647058823529"
"sgd_014162","mil_3106","0.78125"
"sgd_038583","mil_4196","0.7384615384615384"
"sgd_038632","mil_3102","0.8384615384615384"
"sgd_007869","mil_0390","0.7117647058823529"
"sgd_014563","mil_4214","0.825"
"sgd_015470","mil_0589","0.7846153846153845"
"sgd_050677","mil_1721","0.825"
"sgd_025836","mil_1875","0.75"
"sgd_011878","mil_4272","0.7666666666666666"
"sgd_025021","mil_3555","0.72"
"sgd_046361","mil_3509","0.72"
"sgd_011760","mil_0245","1.0"
"sgd_012144","mil_1163","0.7052631578947368"
"sgd_051599","mil_0548","0.72"
"sgd_007858","mil_4375","0.7117647058823529"
"sgd_027395","mil_0289","0.72"
"sgd_047083","mil_3765","0.75"
"sgd_009718","mil_1721","0.7846153846153845"
"sgd_050820","mil_1397","0.75"
"sgd_050595","mil_1032","0.7375"
"sgd_046723","mil_0929","0.7529411764705882"
"sgd_052308","mil_3241","0.7117647058823529"
"sgd_026812","mil_4388","0.72"
"sgd_027428","mil_2337","0.72"
"sgd_054241","mil_3559","0.72"
"sgd_017118","mil_2814","0.7277777777777779"
"sgd_017476","mil_1789","0.72"
"sgd_047530","mil_0823","0.825"
"sgd_039253","mil_0092","1.0"
"sgd_021490","mil_4418","0.72"
"sgd_053533","mil_0207","1.0"
"sgd_019971","mil_1009","0.72"
"sgd_018015","mil_0335","0.8"
"sgd_032883","mil_1525","0.7277777777777779"
"sgd_055858","mil_3983","0.7117647058823529"
"sgd_036931","mil_4214","0.72"
"sgd_007623","mil_4548","0.75"
"sgd_025068","mil_2899","0.75"
"sgd_023527","mil_0914","1.0"
"sgd_049105","mil_2597","0.7666666666666666"
"sgd_044970","mil_2795","0.8599999999999999"
"sgd_029583","mil_2967","1.0"
"sgd_057478","mil_2683","0.72"
"sgd_055047","mil_1239","0.7117647058823529"
"sgd_016975","mil_1936","0.7277777777777779"
"sgd_031798","mil_2573","0.7375"
"sgd_056936","mil_1067","0.72"
"sgd_014862","mil_2712","0.7666666666666666"
"sgd_032922","mil_3100","0.7052631578947368"
"sgd_011279","mil_2892","0.7117647058823529"
"sgd_031659","mil_1485","0.7666666666666666"
"sgd_016779","mil_1063","1.0"
"sgd_005376","mil_4261","0.72"
"sgd_017564","mil_4347","1.0"
"sgd_025042","mil_1448","0.72"
"sgd_011891","mil_2144","0.75"
"sgd_026276","mil_2811","0.75"
"sgd_008800","mil_3745","0.7375"
"sgd_056084","mil_1721","0.75"
"sgd_044670","mil_1411","1.0"
"sgd_044613","mil_1199","0.75"
"sgd_019314","mil_2438","0.72"
"sgd_023772","mil_2828","0.7117647058823529"
"sgd_017407","mil_3152","0.7375"
"sgd_046340","mil_3928","0.7846153846153845"
"sgd_015710","mil_0274","1.0"
"sgd_028156","mil_4374","1.0"
"sgd_023192","mil_0102","0.7529411764705882"
"sgd_027366","mil_3062","1.0"
"sgd_004292","mil_4363","0.78125"
"sgd_027669","mil_1263","0.72"
"sgd_025471","mil_0639","1.0"
"sgd_001030","mil_1940","0.8"
"sgd_027466","mil_1836","0.7375"
"sgd_042571","mil_2438","0.825"
"sgd_013509","mil_3145","0.7117647058823529"
"sgd_005244","mil_0279","0.7666666666666666"
"sgd_000091","mil_0440","0.78125"
"sgd_055344","mil_1143","0.7117647058823529"
"sgd_040146","mil_2042","0.8133333333333332"
"sgd_006981","mil_2573","0.7375"
"sgd_041828","mil_3991","1.0"
"sgd_015680","mil_3471","0.7117647058823529"
"sgd_000085","mil_2198","0.78125"
"sgd_052125","mil_0368","0.72"
"sgd_029533","mil_1786","0.7117647058823529"
"sgd_015171","mil_2073","0.7666666666666666"
"sgd_053163","mil_0406","0.7375"
"sgd_031550","mil_3516","0.72"
"sgd_016653","mil_2573","0.7846153846153845"
"sgd_004213","mil_1511","0.8"
"sgd_038057","mil_3516","0.7117647058823529"
"sgd_050990","mil_1828","0.7117647058823529"
"sgd_001837","mil_4121","0.72"
"sgd_052252","mil_2554","0.7375"
"sgd_015499","mil_1892","0.8055555555555556"
"sgd_028800","mil_3431","1.0"
"sgd_020067","mil_1700","0.72"
"sgd_027264","mil_1440","0.825"
"sgd_006627","mil_1000","0.7846153846153845"
"sgd_006133","mil_0065","0.7666666666666666"
"sgd_052803","mil_2484","0.7117647058823529"
"sgd_031634","mil_2352","0.8714285714285713"
"sgd_051527","mil_2259","0.7117647058823529"
"sgd_004164","mil_3067","0.75"
"sgd_000038","mil_1479","0.78125"
"sgd_041816","mil_0355","0.72"
"sgd_008872","mil_1938","0.78125"
"sgd_048564","mil_2484","0.7117647058823529"
"sgd_021468","mil_3389","0.72"
"sgd_029770","mil_1951","0.72"
"sgd_022120","mil_2439","0.7049999999999998"
"sgd_020011","mil_4439","0.7117647058823529"
"sgd_033174","mil_2438","0.7846153846153845"
"sgd_035581","mil_1089","0.72"
"sgd_012577","mil_0032","0.7277777777777779"
"sgd_046419","mil_3989","0.75"
"sgd_029227","mil_2259","0.7375"
"sgd_006842","mil_0642","0.7375"
"sgd_046302","mil_4221","0.7277777777777779"
"sgd_028289","mil_4702","0.72"
"sgd_034137","mil_1608","0.7529411764705882"
"sgd_021302","mil_1796","0.7529411764705882"
"sgd_012830","mil_2754","1.0"
"sgd_029778","mil_3992","0.75"
"sgd_013786","mil_0204","0.7666666666666666"
"sgd_015255","mil_2005","0.72"
"sgd_031442","mil_0107","0.72"
"sgd_051632","mil_3004","0.72"
"sgd_051993","mil_0589","0.75"
"sgd_008568","mil_0212","0.8"
"sgd_045239","mil_0116","0.7375"
"sgd_050987","mil_2548","0.7375"
"sgd_007551","mil_3395","0.7117647058823529"
"sgd_029773","mil_1350","0.7117647058823529"
"sgd_032732","mil_4605","0.72"
"sgd_056292","mil_2808","1.0"
"sgd_034956","mil_0495","1.0"
"sgd_046865","mil_4487","0.8727272727272728"
"sgd_007186","mil_1193","0.7117647058823529"
"sgd_015426","mil_0172","0.7117647058823529"
"sgd_017049","mil_2914","0.7117647058823529"
"sgd_000486","mil_0481","0.7117647058823529"
"sgd_040311","mil_1510","0.7117647058823529"
"sgd_035836","mil_2828","0.7375"
"sgd_046008","mil_2624","0.7052631578947368"
"sgd_040285","mil_3031","0.72"
"sgd_014159","mil_1000","0.72"
"sgd_045605","mil_2953","0.7277777777777779"
"sgd_038712","mil_4381","0.7375"
"sgd_018755","mil_3367","0.75"
"sgd_052642","mil_1116","0.78125"
"sgd_021466","mil_1342","0.72"
"sgd_043889","mil_1061","0.72"
"sgd_013637","mil_2059","0.7375"
"sgd_011260","mil_0229","0.72"
"sgd_055866","mil_2343","1.0"
"sgd_011958","mil_1951","0.72"
"sgd_011399","mil_1485","0.7052631578947368"
"sgd_019835","mil_2611","0.7666666666666666"
"sgd_049793","mil_0487","1.0"
"sgd_033384","mil_4490","0.72"
"sgd_036179","mil_2110","0.7117647058823529"
"sgd_042863","mil_0640","0.7117647058823529"
"sgd_049812","mil_0402","1.0"
"sgd_041378","mil_0096","0.75"
"sgd_057555","mil_1798","0.72"
"sgd_029752","mil_1287","0.7666666666666666"
"sgd_017451","mil_1964","0.75"
"sgd_027199","mil_1511","0.78125"
"sgd_002518","mil_1940","0.825"
"sgd_021321","mil_4214","0.7666666666666666"
"sgd_019827","mil_4266","0.8499999999999999"
"sgd_056694","mil_0480","0.7052631578947368"
"sgd_025040","mil_2511","0.75"
"sgd_024937","mil_1864","0.7117647058823529"
"sgd_044129","mil_4260","0.7666666666666666"
"sgd_021983","mil_4665","0.7117647058823529"
"sgd_026876","mil_0587","0.7117647058823529"
"sgd_055047","mil_4501","0.7117647058823529"
"sgd_015304","mil_4578","0.7117647058823529"
"sgd_033582","mil_4315","1.0"
"sgd_023390","mil_3140","0.7375"
"sgd_046082","mil_2150","0.7117647058823529"
"sgd_035337","mil_4277","0.72"
"sgd_009206","mil_1410","0.75"
"sgd_044889","mil_2565","0.7375"
"sgd_011024","mil_2811","0.72"
"sgd_053085","mil_1228","1.0"
"sgd_002565","mil_1846","1.0"
"sgd_007653","mil_3169","0.72"
"sgd_032072","mil_2814","0.7375"
"sgd_028344","mil_0540","1.0"
"sgd_035435","mil_4053","0.72"
"sgd_046334","mil_3140","0.7846153846153845"
"sgd_024986","mil_3903","0.825"
"sgd_018654","mil_3987","0.75"
"sgd_055987","mil_1479","0.7375"
"sgd_027012","mil_2622","1.0"
"sgd_047495","mil_2532","1.0"
"sgd_048830","mil_3496","0.7117647058823529"
"sgd_016981","mil_2091","0.7666666666666666"
"sgd_003635","mil_3496","0.72"
"sgd_055301","mil_2893","0.7375"
"sgd_031897","mil_3013","0.7375"
"sgd_057102","mil_0108","0.7117647058823529"
"sgd_030983","mil_2274","0.7666666666666666"
"sgd_056714","mil_4629","0.7277777777777779"
"sgd_015686","mil_4507","1.0"
"sgd_039118","mil_1501","0.7117647058823529"
"sgd_038390","mil_1000","0.72"
"sgd_040202","mil_0126","0.75"
"sgd_008725","mil_1892","0.7052631578947368"
"sgd_005958","mil_3732","0.72"
"sgd_003599","mil_4439","0.7117647058823529"
"sgd_035371","mil_2545","0.75"
"sgd_051414","mil_2150","0.7117647058823529"
"sgd_009227","mil_3538","0.7117647058823529"
"sgd_054187","mil_0597","0.7117647058823529"
"sgd_019817","mil_4018","1.0"
"sgd_009178","mil_4388","1.0"
"sgd_049791","mil_3344","0.9333333333333333"
"sgd_046419","mil_1756","0.7846153846153845"
"sgd_021302","mil_0597","0.7117647058823529"
"sgd_030763","mil_3637","0.7277777777777779"
"sgd_024971","mil_2471","0.72"
"sgd_044961","mil_2201","0.7117647058823529"
"sgd_021149","mil_0701","0.7529411764705882"
"sgd_022353","mil_1287","0.7117647058823529"
"sgd_036381","mil_2397","0.7117647058823529"
"sgd_049111","mil_0770","0.7666666666666666"
"sgd_019816","mil_1892","0.7529411764705882"
"sgd_035668","mil_0774","1.0"
"sgd_012857","mil_2889","1.0"
"sgd_017159","mil_4067","0.7529411764705882"
"sgd_045551","mil_0816","0.7117647058823529"
"sgd_037562","mil_4142","0.72"
"sgd_040166","mil_3075","0.75"
"sgd_056830","mil_3713","0.8133333333333332"
"sgd_025643","mil_0172","1.0"
"sgd_043669","mil_3975","0.7375"
"sgd_034405","mil_4232","0.7529411764705882"
"sgd_003700","mil_0811","0.72"
"sgd_031728","mil_3953","0.75"
"sgd_030867","mil_2691","1.0"
"sgd_017563","mil_3870","0.7117647058823529"
"sgd_024069","mil_0096","0.75"
"sgd_050830","mil_4005","1.0"
"sgd_020437","mil_3207","0.7117647058823529"
"sgd_039315","mil_2135","0.9249999999999999"
"sgd_046463","mil_2374","1.0"
"sgd_015256","mil_0212","0.72"
"sgd_042272","mil_0195","0.7421052631578946"
"sgd_050355","mil_2294","0.7375"
"sgd_049556","mil_4410","0.7529411764705882"
"sgd_042739","mil_3511","0.72"
"sgd_056811","mil_0292","0.75"
"sgd_003407","mil_4139","0.7052631578947368"
"sgd_030363","mil_0823","0.7846153846153845"
"sgd_044154","mil_3308","0.75"
"sgd_000984","mil_3308","0.825"
"sgd_027673","mil_2007","0.72"
"sgd_016551","mil_0004","0.75"
"sgd_000395","mil_1032","0.78125"
"sgd_050829","mil_3556","1.0"
"sgd_043574","mil_4142","0.7117647058823529"
"sgd_047298","mil_3056","0.7117647058823529"
"sgd_021207","mil_1247","1.0"
"sgd_001791","mil_2719","0.7117647058823529"
"sgd_009248","mil_0229","0.72"
"sgd_018630","mil_1437","0.75"
"sgd_017095","mil_3538","0.7666666666666666"
"sgd_044424","mil_0730","0.7375"
"sgd_002032","mil_3140","0.7666666666666666"
"sgd_044192","mil_4689","0.7375"
"sgd_001851","mil_4789","1.0"
"sgd_050863","mil_0587","0.72"
"sgd_046410","mil_3576","0.72"
"sgd_043504","mil_2577","0.72"
"sgd_047904","mil_2711","0.7117647058823529"
"sgd_042477","mil_3488","0.72"
"sgd_005770","mil_3721","0.72"
"sgd_034983","mil_2244","1.0"
"sgd_002259","mil_1951","0.7117647058823529"
"sgd_031775","mil_3756","0.7117647058823529"
"sgd_029816","mil_0195","0.7117647058823529"
"sgd_056392","mil_3117","0.72"
"sgd_019749","mil_2880","0.75"
"sgd_018796","mil_0657","0.7375"
"sgd_012322","mil_3253","0.7846153846153845"
"sgd_004281","mil_2404","0.7529411764705882"
"sgd_053762","mil_3520","0.72"
"sgd_016760","mil_2103","1.0"
"sgd_025120","mil_4327","0.7375"
"sgd_035649","mil_0027","1.0"
"sgd_024509","mil_3983","0.72"
"sgd_025541","mil_3761","0.7117647058823529"
"sgd_043870","mil_1186","0.7375"
"sgd_055171","mil_3673","0.78125"
"sgd_035418","mil_4690","0.8"
"sgd_033572","mil_4775","0.85"
"sgd_030959","mil_1892","0.7529411764705882"
"sgd_018099","mil_1711","0.75"
"sgd_042253","mil_1207","0.7052631578947368"
"sgd_044673","mil_3397","0.75"
"sgd_045391","mil_3526","0.72"
"sgd_011771","mil_0029","0.7375"
"sgd_005393","mil_3348","0.7375"
"sgd_049603","mil_0967","0.75"
"sgd_050688","mil_0816","0.7846153846153845"
"sgd_016889","mil_3140","0.72"
"sgd_021949","mil_3947","0.7375"
"sgd_004416","mil_3615","0.8"
"sgd_048402","mil_3347","0.72"
"sgd_035860","mil_1448","0.7117647058823529"
"sgd_031701","mil_1892","0.7117647058823529"
"sgd_006285","mil_2811","0.72"
"sgd_040614","mil_3895","0.7375"
"sgd_052687","mil_0355","0.7846153846153845"
"sgd_016826","mil_3344","1.0"
"sgd_008499","mil_0775","0.7117647058823529"
"sgd_026598","mil_0866","1.0"
"sgd_009806","mil_1700","0.75"
"sgd_057543","mil_4002","0.72"
"sgd_037646","mil_4147","0.72"
"sgd_033405","mil_3276","0.7666666666666666"
"sgd_042754","mil_4535","0.72"
"sgd_025348","mil_4276","0.7846153846153845"
"sgd_055421","mil_2211","1.0"
"sgd_052784","mil_0096","0.72"
"sgd_022473","mil_2811","0.7117647058823529"
"sgd_045203","mil_4476","0.7375"
"sgd_021574","mil_0118","0.75"
"sgd_022445","mil_0817","0.7846153846153845"
"sgd_041291","mil_4007","1.0"
"sgd_041030","mil_4308","0.7375"
"sgd_055843","mil_3555","1.0"
"sgd_021908","mil_0151","0.7375"
"sgd_007350","mil_1682","1.0"
"sgd_019445","mil_3574","1.0"
"sgd_037509","mil_3376","1.0"
"sgd_041550","mil_1634","0.75"
"sgd_034548","mil_0869","0.72"
"sgd_004564","mil_2811","0.72"
"sgd_006867","mil_0275","0.75"
"sgd_049725","mil_4261","0.7846153846153845"
"sgd_020598","mil_0275","0.75"
"sgd_010490","mil_4351","1.0"
"sgd_016143","mil_1287","0.7117647058823529"
"sgd_037451","mil_2348","0.72"
"sgd_003262","mil_0430","0.72"
"sgd_030983","mil_0549","0.7375"
"sgd_056412","mil_0946","0.72"
"sgd_035415","mil_0903","0.72"
"sgd_034054","mil_3221","0.7375"
"sgd_012295","mil_2639","0.7117647058823529"
"sgd_047301","mil_1471","0.7117647058823529"
"sgd_028160","mil_2676","1.0"
"sgd_021949","mil_1849","0.72"
"sgd_028814","mil_0421","1.0"
"sgd_042826","mil_1089","0.72"
"sgd_017969","mil_0822","0.72"
"sgd_015204","mil_1950","0.7277777777777779"
"sgd_042407","mil_0956","1.0"
"sgd_038840","mil_1183","1.0"
"sgd_021581","mil_3213","0.7846153846153845"
"sgd_039979","mil_0306","0.7184615384615385"
"sgd_044173","mil_4696","0.7375"
"sgd_021313","mil_4547","0.7117647058823529"
"sgd_039070","mil_1350","0.7052631578947368"
"sgd_013006","mil_0096","0.75"
"sgd_032699","mil_3998","1.0"
"sgd_054534","mil_0730","1.0"
"sgd_040534","mil_1734","0.7117647058823529"
"sgd_037459","mil_3932","0.72"
"sgd_053284","mil_2615","0.72"
"sgd_034015","mil_4548","0.7666666666666666"
"sgd_005197","mil_2479","0.7846153846153845"
"sgd_005193","mil_0096","0.75"
"sgd_010896","mil_2259","0.7375"
"sgd_054648","mil_3102","0.75"
"sgd_037492","mil_2123","1.0"
"sgd_022874","mil_0966","0.7117647058823529"
"sgd_015038","mil_2602","0.7846153846153845"
"sgd_007764","mil_4775","0.72"
"sgd_006321","mil_0044","0.85"
"sgd_001903","mil_2711","0.7941176470588236"
"sgd_012857","mil_1034","0.9571428571428571"
"sgd_014550","mil_0055","0.72"
"sgd_041406","mil_4785","0.7941176470588236"
"sgd_045924","mil_3633","0.7666666666666666"
"sgd_041311","mil_1721","0.75"
"sgd_035229","mil_3426","0.72"
"sgd_021292","mil_2811","0.7375"
"sgd_012970","mil_3562","0.7052631578947368"
"sgd_037435","mil_2505","0.72"
"sgd_051303","mil_4261","0.72"
"sgd_036491","mil_3959","0.7529411764705882"
"sgd_033565","mil_3684","0.72"
"sgd_051991","mil_0780","1.0"
"sgd_026529","mil_4132","1.0"
"sgd_017160","mil_3532","0.7529411764705882"
"sgd_047372","mil_4625","0.7846153846153845"
"sgd_053707","mil_0012","0.7846153846153845"
"sgd_006454","mil_3207","0.75"
"sgd_001905","mil_1329","0.7277777777777779"
"sgd_013455","mil_1700","0.7846153846153845"
"sgd_004106","mil_2320","0.72"
"sgd_049760","mil_1634","0.8384615384615384"
"sgd_004764","mil_4332","0.72"
"sgd_037509","mil_1154","0.7529411764705882"
"sgd_008523","mil_3903","0.72"
"sgd_044853","mil_0772","0.78125"
"sgd_024980","mil_1966","0.72"
"sgd_033994","mil_2459","1.0"
"sgd_026752","mil_3571","0.72"
"sgd_050748","mil_4214","0.7666666666666666"
"sgd_019220","mil_2700","0.8714285714285713"
"sgd_025263","mil_1842","0.8714285714285713"
"sgd_034940","mil_2238","0.7857142857142857"
"sgd_023312","mil_4487","0.75"
"sgd_029207","mil_0956","0.72"
"sgd_040414","mil_4096","0.72"
"sgd_005224","mil_0934","1.0"
"sgd_045563","mil_3849","0.7052631578947368"
"sgd_016143","mil_4279","0.7117647058823529"
"sgd_011785","mil_4214","0.72"
"sgd_050863","mil_4325","0.7846153846153845"
"sgd_054209","mil_1648","0.7117647058823529"
"sgd_049703","mil_1804","0.8"
"sgd_023334","mil_2484","0.7117647058823529"
"sgd_001476","mil_4145","0.75"
"sgd_030858","mil_2635","1.0"
"sgd_002137","mil_1049","0.7666666666666666"
"sgd_031040","mil_1350","0.7529411764705882"
"sgd_045276","mil_0773","0.72"
"sgd_002858","mil_1700","0.7846153846153845"
"sgd_011321","mil_0601","0.7375"
"sgd_034484","mil_4780","0.7117647058823529"
"sgd_018342","mil_3532","0.7375"
"sgd_035623","mil_3652","0.7846153846153845"
"sgd_010071","mil_3797","0.7117647058823529"
"sgd_032733","mil_2706","1.0"
"sgd_030937","mil_4782","0.7117647058823529"
"sgd_029764","mil_3897","1.0"
"sgd_038240","mil_4214","0.8384615384615384"
"sgd_004971","mil_1787","0.94"
"sgd_003921","mil_3975","0.7117647058823529"
"sgd_052261","mil_1143","1.0"
"sgd_037092","mil_3102","0.75"
"sgd_031591","mil_1674","0.7846153846153845"
"sgd_035388","mil_2128","0.7117647058823529"
"sgd_021469","mil_3559","0.72"
"sgd_009167","mil_2180","1.0"
"sgd_040654","mil_1511","0.7375"
"sgd_033771","mil_1737","1.0"
"sgd_006348","mil_2169","0.7529411764705882"
"sgd_026915","mil_2394","0.78125"
"sgd_046480","mil_1835","1.0"
"sgd_027047","mil_2021","0.72"
"sgd_046082","mil_3910","0.7375"
"sgd_018373","mil_1634","0.75"
"sgd_020059","mil_4221","0.7529411764705882"
"sgd_057624","mil_0827","0.7375"
"sgd_048537","mil_1397","0.72"
"sgd_048353","mil_1390","0.7846153846153845"
"sgd_017620","mil_4580","0.72"
"sgd_040706","mil_0903","0.7375"
"sgd_019827","mil_0889","0.72"
"sgd_015570","mil_4328","0.72"
"sgd_049894","mil_0317","1.0"
"sgd_039261","mil_2812","1.0"
"sgd_019749","mil_0037","0.72"
"sgd_026889","mil_4515","0.78125"
"sgd_056276","mil_3983","0.7375"
"sgd_048684","mil_4214","0.72"
"sgd_009090","mil_4573","0.72"
"sgd_043857","mil_3748","0.7375"
"sgd_034767","mil_1089","0.7375"
"sgd_018092","mil_3348","0.75"
"sgd_031704","mil_1397","0.7846153846153845"
"sgd_006989","mil_0023","1.0"
"sgd_044748","mil_4327","0.8"
"sgd_053585","mil_1084","0.7052631578947368"
"sgd_024784","mil_2880","0.72"
"sgd_004133","mil_3065","0.7117647058823529"
"sgd_041938","mil_4486","0.7375"
"sgd_018789","mil_2799","1.0"
"sgd_002910","mil_4089","0.7375"
"sgd_017412","mil_0029","0.7375"
"sgd_005696","mil_0032","0.7666666666666666"
"sgd_016117","mil_0430","0.8"
"sgd_023871","mil_4044","0.7052631578947368"
"sgd_030443","mil_4307","0.7049999999999998"
"sgd_052730","mil_2384","0.72"
"sgd_046045","mil_4556","1.0"
"sgd_035953","mil_0816","0.7117647058823529"
"sgd_016700","mil_4286","0.7117647058823529"
"sgd_004386","mil_3796","0.7375"
"sgd_005180","mil_1089","0.72"
"sgd_045594","mil_0094","0.7529411764705882"
"sgd_033769","mil_2305","1.0"
"sgd_025943","mil_3765","0.72"
"sgd_017916","mil_3263","0.7375"
"sgd_029761","mil_2611","0.72"
"sgd_025394","mil_3615","0.7846153846153845"
"sgd_052778","mil_0186","0.7117647058823529"
"sgd_007656","mil_1387","0.75"
"sgd_011456","mil_0072","1.0"
"sgd_047647","mil_0773","0.72"
"sgd_049749","mil_0183","0.7666666666666666"
"sgd_030146","mil_2484","0.7117647058823529"
"sgd_023730","mil_2198","0.7375"
"sgd_033834","mil_1894","0.7117647058823529"
"sgd_052273","mil_2133","0.8799999999999999"
"sgd_033571","mil_4775","1.0"
"sgd_035462","mil_2303","1.0"
"sgd_055437","mil_1385","0.72"
"sgd_006326","mil_1997","0.72"
"sgd_055351","mil_3821","0.72"
"sgd_007341","mil_2880","0.72"
"sgd_023655","mil_0616","0.7666666666666666"
"sgd_002015","mil_4150","1.0"
"sgd_031851","mil_2892","0.7117647058823529"
"sgd_031095","mil_3896","0.7666666666666666"
"sgd_047768","mil_4006","1.0"
"sgd_046063","mil_4306","1.0"
"sgd_030780","mil_3145","0.7117647058823529"
"sgd_047360","mil_2218","0.7846153846153845"
"sgd_004103","mil_3928","0.72"
"sgd_030273","mil_1320","0.72"
"sgd_040241","mil_3511","0.75"
"sgd_044835","mil_2259","0.7117647058823529"
"sgd_051386","mil_4208","0.7117647058823529"
"sgd_050627","mil_0849","0.75"
"sgd_025922","mil_1410","0.72"
"sgd_037155","mil_3903","0.72"
"sgd_011728","mil_4272","0.7117647058823529"
"sgd_041963","mil_1950","0.8133333333333332"
"sgd_041279","mil_3493","1.0"
"sgd_005896","mil_1329","0.7117647058823529"
"sgd_023486","mil_1681","0.7117647058823529"
"sgd_028352","mil_4065","1.0"
"sgd_011576","mil_3591","0.7117647058823529"
"sgd_042225","mil_1532","0.7529411764705882"
"sgd_044526","mil_0096","0.75"
"sgd_005755","mil_3615","0.7846153846153845"
"sgd_031259","mil_1511","0.7375"
"sgd_054489","mil_0500","0.75"
"sgd_055832","mil_4785","0.7117647058823529"
"sgd_011143","mil_2499","0.7666666666666666"
"sgd_033752","mil_1721","0.72"
"sgd_047023","mil_0096","0.72"
"sgd_030870","mil_2270","1.0"
"sgd_010335","mil_3442","0.85"
"sgd_052183","mil_2019","1.0"
"sgd_001158","mil_3608","0.75"
"sgd_042466","mil_4145","0.7846153846153845"
"sgd_018859","mil_2274","0.7117647058823529"
"sgd_036012","mil_3253","0.75"
"sgd_030970","mil_1910","0.7529411764705882"
"sgd_021010","mil_2777","1.0"
"sgd_047393","mil_0029","0.75"
"sgd_010044","mil_1223","0.75"
"sgd_013883","mil_0005","0.75"
"sgd_035422","mil_1700","0.825"
"sgd_055203","mil_0014","0.7052631578947368"
"sgd_001868","mil_1001","0.72"
"sgd_005853","mil_3817","0.72"
"sgd_001046","mil_4434","0.7117647058823529"
"sgd_043821","mil_1700","0.7846153846153845"
"sgd_017977","mil_3600","0.75"
"sgd_040185","mil_4580","0.72"
"sgd_004915","mil_3591","1.0"
"sgd_004211","mil_2571","0.8"
"sgd_022590","mil_3738","1.0"
"sgd_004270","mil_1836","0.7375"
"sgd_014885","mil_4381","0.7117647058823529"
"sgd_035831","mil_0959","0.7666666666666666"
"sgd_007634","mil_0355","0.825"
"sgd_024543","mil_3020","0.75"
"sgd_030072","mil_2428","0.7666666666666666"
"sgd_012577","mil_3336","0.7117647058823529"
"sgd_033011","mil_1148","1.0"
"sgd_030913","mil_2761","0.7529411764705882"
"sgd_047413","mil_1807","0.7117647058823529"
"sgd_039314","mil_4634","1.0"
"sgd_056827","mil_0823","1.0"
"sgd_002917","mil_3991","0.8"
"sgd_036562","mil_4123","0.7117647058823529"
"sgd_044732","mil_2007","0.7666666666666666"
"sgd_006195","mil_4427","0.7375"
"sgd_003322","mil_2384","1.0"
"sgd_045455","mil_0905","0.75"
"sgd_004266","mil_1370","0.7529411764705882"
"sgd_007936","mil_1511","0.7117647058823529"
"sgd_049504","mil_1994","0.7375"
"sgd_049776","mil_0505","1.0"
"sgd_001171","mil_0894","0.7846153846153845"
"sgd_027366","mil_1711","0.7846153846153845"
"sgd_013352","mil_1223","0.8"
"sgd_029008","mil_1451","0.7666666666666666"
"sgd_041378","mil_3921","0.72"
"sgd_045140","mil_2803","0.78125"
"sgd_054130","mil_3953","0.72"
"sgd_024509","mil_1634","0.7846153846153845"
"sgd_042431","mil_3125","0.72"
"sgd_001062","mil_1694","0.7117647058823529"
"sgd_028185","mil_1325","1.0"
"sgd_052209","mil_0745","0.72"
"sgd_019155","mil_3745","0.8133333333333332"
"sgd_053084","mil_0598","1.0"
"sgd_014231","mil_0613","1.0"
"sgd_039282","mil_2507","1.0"
"sgd_046239","mil_3825","0.72"
"sgd_029374","mil_1641","0.7375"
"sgd_018031","mil_3928","0.75"
"sgd_047372","mil_2677","0.7846153846153845"
"sgd_016791","mil_2028","1.0"
"sgd_015270","mil_3093","1.0"
"sgd_025004","mil_3538","0.72"
"sgd_033774","mil_2711","0.7117647058823529"
"sgd_019826","mil_0356","1.0"
"sgd_029761","mil_1223","0.7846153846153845"
"sgd_009444","mil_3065","0.7666666666666666"
"sgd_034189","mil_4422","1.0"
"sgd_042011","mil_1061","0.72"
"sgd_033236","mil_0406","0.8"
"sgd_034973","mil_0045","1.0"
"sgd_038628","mil_2505","0.72"
"sgd_004303","mil_2107","0.72"
"sgd_039789","mil_4261","0.75"
"sgd_008526","mil_2592","0.7375"
"sgd_021136","mil_1197","0.7117647058823529"
"sgd_036068","mil_4379","0.7117647058823529"
"sgd_035415","mil_2397","0.72"
"sgd_031731","mil_1951","0.8"
"sgd_021496","mil_2472","0.72"
"sgd_049814","mil_1476","1.0"
"sgd_050410","mil_3532","0.7117647058823529"
"sgd_003979","mil_3850","0.7375"
"sgd_012237","mil_2818","0.7117647058823529"
"sgd_042910","mil_4690","0.78125"
"sgd_009249","mil_4689","0.7375"
"sgd_030933","mil_1143","0.7277777777777779"
"sgd_025438","mil_2720","0.72"
"sgd_055216","mil_1994","0.8"
"sgd_007242","mil_1520","0.7117647058823529"
"sgd_004890","mil_1032","0.72"
"sgd_004914","mil_3591","0.7"
"sgd_016191","mil_3817","0.7666666666666666"
"sgd_008205","mil_2811","0.7375"
"sgd_047394","mil_2642","0.75"
"sgd_054478","mil_3827","0.72"
"sgd_005158","mil_4325","0.75"
"sgd_034316","mil_0485","0.7117647058823529"
"sgd_024057","mil_2711","0.7375"
"sgd_049771","mil_2745","1.0"
"sgd_017877","mil_1000","0.75"
"sgd_049898","mil_1503","1.0"
"sgd_021908","mil_3903","0.72"
"sgd_005492","mil_3933","0.825"
"sgd_035623","mil_4266","0.75"
"sgd_001275","mil_3509","0.75"
"sgd_029250","mil_2463","1.0"
"sgd_014628","mil_2073","0.75"
"sgd_022968","mil_4310","0.7277777777777779"
"sgd_013878","mil_2602","0.7846153846153845"
"sgd_011459","mil_0816","1.0"
"sgd_005631","mil_4439","0.7117647058823529"
"sgd_007157","mil_1634","0.72"
"sgd_050760","mil_4041","0.7749999999999999"
"sgd_004897","mil_3213","0.7846153846153845"
"sgd_005548","mil_2544","0.7117647058823529"
"sgd_017201","mil_4145","0.7666666666666666"
"sgd_020746","mil_3276","0.7666666666666666"
"sgd_045480","mil_4333","0.75"
"sgd_011795","mil_3940","0.7117647058823529"
"sgd_056247","mil_4121","1.0"
"sgd_050864","mil_3600","0.75"
"sgd_024069","mil_3921","0.72"
"sgd_004994","mil_3744","1.0"
"sgd_052533","mil_4002","0.7375"
"sgd_000114","mil_1028","0.7052631578947368"
"sgd_007738","mil_1280","0.7117647058823529"
"sgd_019214","mil_0052","1.0"
"sgd_048171","mil_1410","0.75"
"sgd_000744","mil_1525","0.7277777777777779"
"sgd_016032","mil_3140","0.7846153846153845"
"sgd_046468","mil_1414","0.8090909090909091"
"sgd_047552","mil_4276","0.75"
"sgd_044867","mil_1950","0.7117647058823529"
"sgd_015435","mil_0600","0.8133333333333332"
"sgd_037485","mil_4637","1.0"
"sgd_050774","mil_1939","0.82"
"sgd_022058","mil_4261","0.7846153846153845"
"sgd_048693","mil_1413","0.7375"
"sgd_012328","mil_2484","0.72"
"sgd_045162","mil_1329","0.7117647058823529"
"sgd_015256","mil_4221","0.7375"
"sgd_052170","mil_4305","0.7749999999999999"
"sgd_033963","mil_2484","0.7277777777777779"
"sgd_009182","mil_0260","0.7117647058823529"
"sgd_045347","mil_4298","0.7117647058823529"
"sgd_012804","mil_0005","0.75"
"sgd_000057","mil_0709","0.78125"
"sgd_048397","mil_2818","0.7846153846153845"
"sgd_045256","mil_3597","0.75"
"sgd_034533","mil_3959","0.7117647058823529"
"sgd_040719","mil_1089","0.7666666666666666"
"sgd_056276","mil_1634","0.72"
"sgd_008269","mil_2803","0.7375"
"sgd_026805","mil_3515","0.72"
"sgd_046882","mil_2811","0.7375"
"sgd_001345","mil_3058","1.0"
"sgd_038899","mil_1759","0.7375"
"sgd_036450","mil_4283","0.8"
"sgd_028815","mil_0967","1.0"
"sgd_037470","mil_1067","0.7999999999999999"
"sgd_005549","mil_0334","0.7375"
"sgd_019158","mil_4629","0.7117647058823529"
"sgd_002947","mil_2471","0.7666666666666666"
"sgd_020986","mil_4014","1.0"
"sgd_036182","mil_1341","0.78125"
"sgd_019594","mil_2452","0.825"
"sgd_005936","mil_2016","0.7117647058823529"
"sgd_056242","mil_3976","0.72"
"sgd_001878","mil_2895","0.7846153846153845"
"sgd_031788","mil_4117","0.75"
"sgd_056309","mil_3408","0.72"
"sgd_040988","mil_4240","0.7117647058823529"
"sgd_031625","mil_3323","1.0"
"sgd_003226","mil_4261","0.75"
"sgd_019367","mil_0905","0.7666666666666666"
"sgd_052118","mil_1041","0.75"
"sgd_025997","mil_2222","0.7117647058823529"
"sgd_050855","mil_3214","1.0"
"sgd_027596","mil_3928","0.72"
"sgd_010075","mil_0349","1.0"
"sgd_035961","mil_2811","0.7117647058823529"
"sgd_013019","mil_4365","1.0"
"sgd_037535","mil_3020","1.0"
"sgd_017756","mil_1596","1.0"
"sgd_038623","mil_1641","0.72"
"sgd_010089","mil_0315","1.0"
"sgd_009855","mil_4287","0.85"
"sgd_030676","mil_3346","1.0"
"sgd_003396","mil_1910","0.7666666666666666"
"sgd_022582","mil_3299","1.0"
"sgd_048507","mil_1938","0.7117647058823529"
"sgd_055411","mil_0024","1.0"
"sgd_002757","mil_3538","0.7117647058823529"
"sgd_027322","mil_1736","0.72"
"sgd_005048","mil_2023","0.7117647058823529"
"sgd_035388","mil_2218","0.75"
"sgd_040529","mil_2953","0.7529411764705882"
"sgd_032258","mil_4002","0.72"
"sgd_004199","mil_1836","0.75"
"sgd_011685","mil_1320","0.72"
"sgd_040648","mil_1875","0.7666666666666666"
"sgd_051126","mil_4206","0.75"
"sgd_005525","mil_1139","1.0"
"sgd_049531","mil_1451","0.7666666666666666"
"sgd_046377","mil_2615","0.75"
"sgd_006320","mil_0044","1.0"
"sgd_018836","mil_3708","1.0"
"sgd_000971","mil_0097","0.75"
"sgd_017345","mil_3003","0.7117647058823529"
"sgd_039315","mil_1019","0.9249999999999999"
"sgd_035648","mil_0669","0.825"
"sgd_049950","mil_0816","0.72"
"sgd_029728","mil_4196","0.75"
"sgd_055389","mil_0614","0.85"
"sgd_027273","mil_2133","0.75"
"sgd_048830","mil_0406","0.7666666666666666"
"sgd_032001","mil_0530","0.7117647058823529"
"sgd_046342","mil_0636","0.72"
"sgd_039174","mil_1410","0.7846153846153845"
"sgd_003635","mil_0406","0.7846153846153845"
"sgd_024474","mil_0005","0.7846153846153845"
"sgd_045645","mil_3964","1.0"
"sgd_008500","mil_3140","0.7375"
"sgd_014250","mil_4525","1.0"
"sgd_005185","mil_4697","0.75"
"sgd_007656","mil_1674","1.0"
"sgd_045551","mil_4748","0.7277777777777779"
"sgd_001290","mil_0541","0.75"
"sgd_035644","mil_4231","1.0"
"sgd_017172","mil_1521","0.7529411764705882"
"sgd_019857","mil_1320","0.72"
"sgd_004051","mil_1411","0.72"
"sgd_031591","mil_1387","0.7666666666666666"
"sgd_039088","mil_0752","0.7052631578947368"
"sgd_032482","mil_2099","0.7117647058823529"
"sgd_026881","mil_4220","0.78125"
"sgd_021535","mil_1831","0.72"
"sgd_050598","mil_0355","0.72"
"sgd_053074","mil_2761","1.0"
"sgd_043929","mil_4013","0.72"
"sgd_024766","mil_1511","0.7375"
"sgd_055873","mil_2447","0.85"
"sgd_032901","mil_0534","1.0"
"sgd_043235","mil_3102","0.72"
"sgd_020068","mil_1013","0.7666666666666666"
"sgd_054128","mil_0275","0.8384615384615384"
"sgd_011918","mil_3526","0.75"
"sgd_035629","mil_1225","1.0"
"sgd_013013","mil_3807","1.0"
"sgd_020215","mil_4629","0.72"
"sgd_051496","mil_4697","0.72"
"sgd_015702","mil_1756","0.72"
"sgd_011256","mil_0876","0.7375"
"sgd_032383","mil_2367","0.75"
"sgd_019705","mil_2794","0.7529411764705882"
"sgd_022593","mil_1207","1.0"
"sgd_046302","mil_0212","0.7117647058823529"
"sgd_029778","mil_0019","0.8"
"sgd_057298","mil_3903","0.75"
"sgd_014038","mil_0775","0.7666666666666666"
"sgd_023064","mil_0299","1.0"
"sgd_037471","mil_1067","0.7999999999999999"
"sgd_046068","mil_4403","0.7"
"sgd_054567","mil_4427","0.7277777777777779"
"sgd_047795","mil_1223","0.72"
"sgd_056510","mil_3239","0.8714285714285713"
"sgd_001728","mil_1892","0.7052631578947368"
"sgd_044662","mil_4074","1.0"
"sgd_039603","mil_3102","0.78125"
"sgd_034957","mil_1797","1.0"
"sgd_018713","mil_0822","0.72"
"sgd_019971","mil_0475","0.72"
"sgd_029804","mil_4388","0.75"
"sgd_011647","mil_3423","0.7666666666666666"
"sgd_051648","mil_0029","0.7117647058823529"
"sgd_041829","mil_3266","0.7117647058823529"
"sgd_024074","mil_1836","0.7375"
"sgd_015402","mil_0958","0.7117647058823529"
"sgd_014543","mil_2789","0.72"
"sgd_054113","mil_2574","0.7276190476190476"
"sgd_046866","mil_4742","0.7846153846153845"
"sgd_054663","mil_4654","0.7277777777777779"
"sgd_016805","mil_2015","1.0"
"sgd_022947","mil_0572","0.7052631578947368"
"sgd_025525","mil_3799","0.72"
"sgd_040487","mil_1892","0.7052631578947368"
"sgd_009327","mil_4289","0.7529411764705882"
"sgd_001046","mil_0576","0.7529411764705882"
"sgd_031652","mil_4639","0.75"
"sgd_024756","mil_3412","0.7117647058823529"
"sgd_037155","mil_0151","0.7375"
"sgd_014685","mil_4216","0.8363636363636363"
"sgd_011736","mil_1329","0.7117647058823529"
"sgd_006913","mil_2828","0.7117647058823529"
"sgd_005154","mil_4018","0.72"
"sgd_020215","mil_1831","0.7846153846153845"
"sgd_046485","mil_2912","0.85"
"sgd_014589","mil_3996","0.72"
"sgd_051122","mil_4639","0.8"
"sgd_003084","mil_3153","0.72"
"sgd_004134","mil_2818","0.72"
"sgd_036262","mil_3336","0.7375"
"sgd_037166","mil_1756","0.72"
"sgd_043881","mil_3688","0.7117647058823529"
"sgd_040388","mil_2041","0.825"
"sgd_019770","mil_4502","0.7117647058823529"
"sgd_015476","mil_0500","0.75"
"sgd_018196","mil_1244","0.7117647058823529"
"sgd_015461","mil_2703","0.72"
"sgd_020011","mil_2818","0.7666666666666666"
"sgd_025235","mil_2327","0.7666666666666666"
"sgd_041148","mil_0096","0.72"
"sgd_052367","mil_1410","0.72"
"sgd_031434","mil_0489","0.8"
"sgd_053538","mil_3768","1.0"
"sgd_051620","mil_2821","0.72"
"sgd_014977","mil_3817","0.7375"
"sgd_002161","mil_4535","0.72"
"sgd_001761","mil_2892","0.7277777777777779"
"sgd_009394","mil_0759","0.75"
"sgd_055672","mil_3017","0.7117647058823529"
"sgd_029035","mil_3145","0.7117647058823529"
"sgd_053088","mil_4165","1.0"
"sgd_021829","mil_4214","0.72"
"sgd_054833","mil_3521","0.72"
"sgd_024950","mil_1951","0.7117647058823529"
"sgd_026526","mil_0465","0.8133333333333332"
"sgd_019401","mil_1945","0.7375"
"sgd_039198","mil_4280","0.72"
"sgd_045946","mil_0576","0.7052631578947368"
"sgd_031728","mil_1061","0.75"
"sgd_033732","mil_0836","0.7666666666666666"
"sgd_045865","mil_3456","0.7117647058823529"
"sgd_015800","mil_3524","0.72"
"sgd_035578","mil_4145","0.75"
"sgd_001046","mil_2803","0.7117647058823529"
"sgd_042743","mil_2404","0.7375"
"sgd_011087","mil_1106","0.7117647058823529"
"sgd_044395","mil_2732","0.7117647058823529"
"sgd_018809","mil_1075","1.0"
"sgd_044302","mil_3821","0.8133333333333332"
"sgd_041393","mil_0390","1.0"
"sgd_024073","mil_1422","0.7277777777777779"
"sgd_027326","mil_4147","0.7499999999999999"
"sgd_026876","mil_0549","0.7529411764705882"
"sgd_029876","mil_1009","0.7375"
"sgd_002170","mil_0530","0.7375"
"sgd_031731","mil_2811","0.75"
"sgd_044577","mil_4591","0.72"
"sgd_021908","mil_2258","0.78125"
"sgd_030675","mil_0939","1.0"
"sgd_021914","mil_2252","0.7375"
"sgd_008205","mil_1951","0.7117647058823529"
"sgd_053481","mil_0836","1.0"
"sgd_021613","mil_4261","0.72"
"sgd_024407","mil_2880","0.7666666666666666"
"sgd_049858","mil_4442","1.0"
"sgd_003016","mil_0822","1.0"
"sgd_029702","mil_2751","0.72"
"sgd_007046","mil_0985","0.72"
"sgd_040521","mil_2005","0.7375"
"sgd_017588","mil_3812","1.0"
"sgd_040329","mil_0177","0.7117647058823529"
"sgd_048397","mil_3102","0.7846153846153845"
"sgd_040949","mil_0762","0.72"
"sgd_013828","mil_1233","0.7375"
"sgd_049346","mil_0436","0.75"
"sgd_009659","mil_1849","0.7666666666666666"
"sgd_026542","mil_3437","1.0"
"sgd_048408","mil_1492","0.72"
"sgd_048886","mil_0119","0.7666666666666666"
"sgd_011183","mil_4440","1.0"
"sgd_010645","mil_4344","1.0"
"sgd_047055","mil_2880","0.72"
"sgd_028923","mil_2763","0.8133333333333332"
"sgd_022586","mil_2366","1.0"
"sgd_056522","mil_1836","0.75"
"sgd_038007","mil_2208","0.72"
"sgd_041938","mil_1938","0.7117647058823529"
"sgd_050677","mil_1681","0.72"
"sgd_015522","mil_1683","0.75"
"sgd_025089","mil_1074","0.7117647058823529"
"sgd_035836","mil_0951","0.7375"
"sgd_043889","mil_3953","0.72"
"sgd_008528","mil_3479","0.7529411764705882"
"sgd_048507","mil_3002","0.7117647058823529"
"sgd_021613","mil_1084","0.7277777777777779"
"sgd_031411","mil_0685","1.0"
"sgd_046136","mil_3343","0.72"
"sgd_001632","mil_4105","0.75"
"sgd_007634","mil_3928","0.7846153846153845"
"sgd_004177","mil_1676","0.72"
"sgd_055226","mil_4214","0.75"
"sgd_052910","mil_0096","0.75"
"sgd_004134","mil_3102","0.72"
"sgd_023855","mil_1188","0.7941176470588236"
"sgd_046106","mil_4696","0.7375"
"sgd_056573","mil_2876","0.72"
"sgd_024621","mil_4372","0.72"
"sgd_046505","mil_0362","0.7375"
"sgd_056824","mil_0985","0.7846153846153845"
"sgd_003888","mil_2594","0.7375"
"sgd_026812","mil_3423","0.8384615384615384"
"sgd_030010","mil_3516","0.7666666666666666"
"sgd_004074","mil_1700","0.72"
"sgd_000268","mil_0628","1.0"
"sgd_008622","mil_4686","0.72"
"sgd_043885","mil_0275","0.75"
"sgd_045497","mil_0147","0.72"
"sgd_054136","mil_1719","0.8636363636363635"
"sgd_035859","mil_1951","0.8133333333333332"
"sgd_015565","mil_3204","0.75"
"sgd_043101","mil_0294","0.7117647058823529"
"sgd_003750","mil_2740","0.7117647058823529"
"sgd_025394","mil_3433","0.75"
"sgd_030129","mil_3321","0.72"
"sgd_007241","mil_1409","0.7375"
"sgd_008810","mil_1507","0.7117647058823529"
"sgd_022854","mil_0338","0.7117647058823529"
"sgd_053413","mil_4331","0.7117647058823529"
"sgd_024802","mil_4157","0.7941176470588236"
"sgd_047623","mil_2811","0.72"
"sgd_025529","mil_0467","0.7666666666666666"
"sgd_034917","mil_1743","0.82"
"sgd_044950","mil_2198","0.75"
"sgd_002940","mil_4449","0.72"
"sgd_045598","mil_4329","0.7277777777777779"
"sgd_047858","mil_2158","0.7529411764705882"
"sgd_009936","mil_2537","0.7375"
"sgd_017903","mil_3569","0.72"
"sgd_033752","mil_3788","0.7117647058823529"
"sgd_007602","mil_3397","0.72"
"sgd_046029","mil_4175","1.0"
"sgd_017407","mil_1410","0.72"
"sgd_054259","mil_4693","0.72"
"sgd_014404","mil_0958","0.72"
"sgd_019267","mil_4730","1.0"
"sgd_025359","mil_3530","0.72"
"sgd_042072","mil_3471","0.7117647058823529"
"sgd_004124","mil_4695","1.0"
"sgd_009446","mil_3102","0.7117647058823529"
"sgd_008269","mil_0124","0.72"
"sgd_020983","mil_3479","0.7117647058823529"
"sgd_005365","mil_1875","0.7375"
"sgd_017749","mil_2719","0.7375"
"sgd_046342","mil_0215","0.72"
"sgd_033118","mil_3213","0.7846153846153845"
"sgd_013014","mil_3269","1.0"
"sgd_018031","mil_0355","0.7846153846153845"
"sgd_012295","mil_3323","0.75"
"sgd_043235","mil_2818","0.72"
"sgd_005755","mil_3433","0.75"
"sgd_023114","mil_1667","1.0"
"sgd_014920","mil_1737","0.75"
"sgd_012656","mil_0678","1.0"
"sgd_052984","mil_0526","0.7529411764705882"
"sgd_035457","mil_3328","1.0"
"sgd_023723","mil_0903","0.7117647058823529"
"sgd_014592","mil_0485","0.72"
"sgd_030330","mil_0275","0.75"
"sgd_044877","mil_1700","0.72"
"sgd_013800","mil_2007","0.7666666666666666"
"sgd_025946","mil_3921","0.7666666666666666"
"sgd_036663","mil_1900","1.0"
"sgd_001488","mil_3086","1.0"
"sgd_002570","mil_1511","0.75"
"sgd_002902","mil_3288","0.7117647058823529"
"sgd_051068","mil_3750","0.7375"
"sgd_014333","mil_4266","0.72"
"sgd_013808","mil_1397","0.75"
"sgd_031876","mil_1163","0.7052631578947368"
"sgd_013479","mil_2899","0.7117647058823529"
"sgd_049790","mil_3386","1.0"
"sgd_044529","mil_0229","0.75"
"sgd_006514","mil_3018","0.7529411764705882"
"sgd_055958","mil_1440","0.7666666666666666"
"sgd_027411","mil_4261","0.7846153846153845"
"sgd_047000","mil_3241","0.7117647058823529"
"sgd_009178","mil_3423","0.75"
"sgd_019852","mil_3263","0.8133333333333332"
"sgd_016801","mil_3054","1.0"
"sgd_016491","mil_0229","0.7375"
"sgd_012718","mil_0610","0.7529411764705882"
"sgd_046020","mil_0658","1.0"
"sgd_047788","mil_4408","1.0"
"sgd_056503","mil_4639","0.72"
"sgd_011740","mil_2703","0.7117647058823529"
"sgd_035416","mil_2211","0.75"
"sgd_027395","mil_0749","0.7375"
"sgd_034077","mil_3471","0.7375"
"sgd_050863","mil_1759","0.72"
"sgd_017682","mil_3966","0.72"
"sgd_055960","mil_4286","0.7277777777777779"
"sgd_026305","mil_3888","1.0"
"sgd_043879","mil_3538","0.7375"
"sgd_007840","mil_1287","0.7277777777777779"
"sgd_037488","mil_2180","0.8285714285714285"
"sgd_039689","mil_1511","0.78125"
"sgd_046994","mil_3959","0.7117647058823529"
"sgd_049855","mil_4477","1.0"
"sgd_005301","mil_0440","0.75"
"sgd_010475","mil_4727","1.0"
"sgd_019772","mil_1004","0.7117647058823529"
"sgd_025778","mil_2594","0.72"
"sgd_049779","mil_3326","1.0"
"sgd_021935","mil_0889","0.72"
"sgd_033764","mil_0431","1.0"
"sgd_036549","mil_1836","0.72"
"sgd_030983","mil_4325","0.75"
"sgd_000214","mil_3732","1.0"
"sgd_038060","mil_0215","0.7277777777777779"
"sgd_011035","mil_4785","0.78125"
"sgd_043786","mil_3162","0.72"
"sgd_013239","mil_1700","0.72"
"sgd_029713","mil_1214","0.72"
"sgd_014919","mil_3538","0.72"
"sgd_034947","mil_3689","1.0"
"sgd_035807","mil_4431","0.7529411764705882"
"sgd_025152","mil_2298","0.7375"
"sgd_046435","mil_0832","1.0"
"sgd_056286","mil_4280","1.0"
"sgd_031234","mil_2080","0.7375"
"sgd_022347","mil_0229","0.7846153846153845"
"sgd_050801","mil_4075","1.0"
"sgd_019744","mil_1287","0.7375"
"sgd_047500","mil_1455","1.0"
"sgd_030874","mil_3500","0.7277777777777779"
"sgd_051417","mil_0666","0.75"
"sgd_024986","mil_0840","0.825"
"sgd_038184","mil_2342","0.7117647058823529"
"sgd_021472","mil_3140","0.75"
"sgd_001292","mil_0306","0.7049999999999998"
"sgd_003203","mil_0585","0.75"
"sgd_051851","mil_4240","0.72"
"sgd_019127","mil_3765","0.72"
"sgd_049887","mil_1766","0.7375"
"sgd_031178","mil_2120","1.0"
"sgd_015523","mil_4456","1.0"
"sgd_014500","mil_3637","0.7052631578947368"
"sgd_002932","mil_2895","0.7846153846153845"
"sgd_011717","mil_1067","0.7666666666666666"
"sgd_049935","mil_0916","1.0"
"sgd_054569","mil_1823","1.0"
"sgd_010896","mil_3471","0.7117647058823529"
"sgd_018305","mil_0022","0.72"
"sgd_044136","mil_0177","0.7375"
"sgd_013583","mil_0005","0.75"
"sgd_020234","mil_0201","0.7117647058823529"
"sgd_005735","mil_3336","0.75"
"sgd_046672","mil_3296","0.72"
"sgd_030346","mil_4206","0.8384615384615384"
"sgd_056208","mil_2147","0.72"
"sgd_043347","mil_1287","0.7117647058823529"
"sgd_042316","mil_4260","0.7117647058823529"
"sgd_045476","mil_1576","0.72"
"sgd_005530","mil_1089","0.7666666666666666"
"sgd_006691","mil_3057","0.7375"
"sgd_051925","mil_0546","0.7846153846153845"
"sgd_057102","mil_3455","0.7117647058823529"
"sgd_007539","mil_0921","1.0"
"sgd_010012","mil_4328","0.75"
"sgd_035603","mil_4703","0.7666666666666666"
"sgd_054848","mil_2953","0.7375"
"sgd_013584","mil_3555","0.7375"
"sgd_054124","mil_1804","1.0"
"sgd_027596","mil_0355","0.75"
"sgd_045287","mil_3959","0.7375"
"sgd_015722","mil_3947","0.7117647058823529"
"sgd_040414","mil_1622","0.72"
"sgd_002540","mil_2355","0.82"
"sgd_052229","mil_3630","1.0"
"sgd_041311","mil_3788","0.7375"
"sgd_036061","mil_4785","0.7117647058823529"
"sgd_053272","mil_2751","0.7666666666666666"
"sgd_031669","mil_4214","0.7846153846153845"
"sgd_045102","mil_0855","0.8"
"sgd_057649","mil_0889","0.72"
"sgd_042037","mil_1498","0.7666666666666666"
"sgd_035122","mil_0022","1.0"
"sgd_031508","mil_2703","0.7375"
"sgd_003071","mil_2211","0.7666666666666666"
"sgd_022428","mil_4283","0.75"
"sgd_005095","mil_0640","0.7666666666666666"
"sgd_038830","mil_4487","0.72"
"sgd_053987","mil_4147","0.75"
"sgd_009919","mil_3935","0.75"
"sgd_016816","mil_4387","1.0"
"sgd_017579","mil_0632","0.82"
"sgd_008269","mil_3544","0.72"
"sgd_031673","mil_2499","0.75"
"sgd_027918","mil_0528","1.0"
"sgd_011176","mil_3246","0.8666666666666666"
"sgd_035836","mil_0679","0.7117647058823529"
"sgd_030150","mil_1329","0.7117647058823529"
"sgd_040414","mil_0621","0.72"
"sgd_016868","mil_4780","1.0"
"sgd_057332","mil_1300","0.72"
"sgd_024987","mil_0889","0.7846153846153845"
"sgd_029730","mil_2615","0.75"
"sgd_019158","mil_2642","0.7375"
"sgd_001493","mil_4469","1.0"
"sgd_000062","mil_3952","0.7117647058823529"
"sgd_050685","mil_0072","0.7846153846153845"
"sgd_046340","mil_0530","0.72"
"sgd_049774","mil_1638","1.0"
"sgd_045096","mil_4683","1.0"
"sgd_031144","mil_1556","1.0"
"sgd_006145","mil_3108","0.7375"
"sgd_031888","mil_3162","0.7375"
"sgd_042072","mil_4261","0.75"
"sgd_031326","mil_4189","0.82"
"sgd_035667","mil_3176","1.0"
"sgd_045099","mil_2211","0.8"
"sgd_011448","mil_4343","1.0"
"sgd_032138","mil_3075","0.72"
"sgd_056521","mil_3524","0.7846153846153845"
"sgd_039285","mil_1225","0.75"
"sgd_032552","mil_0526","0.7277777777777779"
"sgd_010696","mil_1458","0.72"
"sgd_037092","mil_2818","0.75"
"sgd_051078","mil_2220","0.72"
"sgd_020151","mil_2592","0.7117647058823529"
"sgd_050891","mil_0532","0.72"
"sgd_043664","mil_4261","0.7846153846153845"
"sgd_008269","mil_4502","0.7375"
"sgd_034431","mil_0719","0.7666666666666666"
"sgd_045946","mil_1239","0.7529411764705882"
"sgd_021740","mil_2499","0.72"
"sgd_007656","mil_1198","0.72"
"sgd_012261","mil_0633","1.0"
"sgd_039677","mil_1223","0.7666666666666666"
"sgd_021292","mil_1951","0.78125"
"sgd_044460","mil_4639","0.72"
"sgd_056377","mil_4693","0.72"
"sgd_006119","mil_3688","0.7375"
"sgd_018346","mil_4535","0.72"
"sgd_012288","mil_3225","0.7749999999999999"
"sgd_013048","mil_3155","0.72"
"sgd_005888","mil_4279","0.7117647058823529"
"sgd_044417","mil_1265","0.8"
"sgd_032072","mil_2794","0.7375"
"sgd_045332","mil_0270","0.85"
"sgd_046534","mil_4277","0.72"
"sgd_034922","mil_3748","0.7117647058823529"
"sgd_034361","mil_4763","0.7277777777777779"
"sgd_035567","mil_2112","0.72"
"sgd_010685","mil_3555","0.72"
"sgd_026045","mil_2730","0.7375"
"sgd_043749","mil_4328","0.72"
"sgd_052884","mil_1634","0.75"
"sgd_040140","mil_2872","0.7375"
"sgd_042532","mil_0037","0.72"
"sgd_029888","mil_0762","0.7666666666666666"
"sgd_023370","mil_1860","0.7529411764705882"
"sgd_005221","mil_3509","0.72"
"sgd_012520","mil_0403","0.78125"
"sgd_035405","mil_0152","0.75"
"sgd_048564","mil_2711","0.7117647058823529"
"sgd_044835","mil_4261","0.72"
"sgd_012882","mil_2158","0.7052631578947368"
"sgd_050844","mil_1549","1.0"
"sgd_034242","mil_4214","0.75"
"sgd_022006","mil_4261","0.7846153846153845"
"sgd_014055","mil_2099","0.7375"
"sgd_045302","mil_2112","0.72"
"sgd_003265","mil_1311","1.0"
"sgd_042532","mil_2478","0.7117647058823529"
"sgd_015079","mil_0773","0.72"
"sgd_053789","mil_2959","0.8499999999999999"
"sgd_036148","mil_1748","0.7277777777777779"
"sgd_012149","mil_2631","0.7117647058823529"
"sgd_026586","mil_1435","0.7117647058823529"
"sgd_016707","mil_2136","0.7375"
"sgd_016957","mil_4277","0.72"
"sgd_011787","mil_0820","0.7666666666666666"
"sgd_047905","mil_0306","0.72"
"sgd_036548","mil_1723","0.7375"
"sgd_052656","mil_2797","0.7666666666666666"
"sgd_055874","mil_1700","0.72"
"sgd_047308","mil_1356","0.7052631578947368"
"sgd_051967","mil_1511","0.72"
"sgd_027702","mil_1576","0.7666666666666666"
"sgd_013406","mil_3893","0.75"
"sgd_055350","mil_0985","0.72"
"sgd_050674","mil_1781","0.7846153846153845"
"sgd_038587","mil_1384","0.7846153846153845"
"sgd_056401","mil_2348","0.72"
"sgd_004222","mil_3590","0.72"
"sgd_056875","mil_0176","0.7117647058823529"
"sgd_002779","mil_1329","0.7117647058823529"
"sgd_019388","mil_3256","0.7375"
"sgd_024916","mil_3496","0.7117647058823529"
"sgd_009659","mil_3931","0.7375"
"sgd_025374","mil_3213","0.7846153846153845"
"sgd_052701","mil_0224","0.7846153846153845"
"sgd_053713","mil_3483","0.72"
"sgd_048634","mil_4279","0.7117647058823529"
"sgd_004346","mil_4738","0.7666666666666666"
"sgd_044835","mil_1084","0.7277777777777779"
"sgd_019930","mil_2747","0.7529411764705882"
"sgd_033215","mil_4639","0.7666666666666666"
"sgd_039442","mil_0849","0.72"
"sgd_037019","mil_3870","0.72"
"sgd_051622","mil_0954","0.72"
"sgd_009160","mil_1067","0.8285714285714285"
"sgd_026348","mil_0759","0.7375"
"sgd_026393","mil_1154","0.7052631578947368"
"sgd_002013","mil_1484","1.0"
"sgd_027886","mil_3569","0.8"
"sgd_020215","mil_2642","0.75"
"sgd_038999","mil_2021","0.72"
"sgd_038086","mil_1341","0.7277777777777779"
"sgd_035664","mil_0916","0.72"
"sgd_033378","mil_0967","0.72"
"sgd_034022","mil_1727","0.7117647058823529"
"sgd_034493","mil_0275","0.72"
"sgd_051928","mil_0935","0.7666666666666666"
"sgd_050200","mil_0119","0.7117647058823529"
"sgd_002259","mil_2811","0.7375"
"sgd_013613","mil_2527","0.7117647058823529"
"sgd_015765","mil_0929","0.7117647058823529"
"sgd_045140","mil_4501","0.7375"
"sgd_041309","mil_1836","0.72"
"sgd_019872","mil_1881","1.0"
"sgd_047584","mil_1460","0.7375"
"sgd_016774","mil_3936","1.0"
"sgd_040148","mil_1427","0.7117647058823529"
"sgd_052687","mil_3928","0.75"
"sgd_017953","mil_0528","0.72"
"sgd_040622","mil_0956","0.72"
"sgd_056694","mil_3953","0.7117647058823529"
"sgd_029100","mil_0929","0.7117647058823529"
"sgd_036641","mil_1700","0.75"
"sgd_029260","mil_0094","1.0"
"sgd_042422","mil_3597","0.7846153846153845"
"sgd_035316","mil_0870","0.7117647058823529"
"sgd_007722","mil_1440","0.72"
"sgd_032608","mil_2574","0.7277777777777779"
"sgd_053401","mil_2892","0.7117647058823529"
"sgd_054487","mil_2240","0.75"
"sgd_034106","mil_4139","0.7052631578947368"
"sgd_036179","mil_3947","0.7117647058823529"
"sgd_009610","mil_1318","0.72"
"sgd_014333","mil_3652","0.75"
"sgd_009672","mil_3524","0.72"
"sgd_053090","mil_2506","1.0"
"sgd_007977","mil_2016","0.7117647058823529"
"sgd_016912","mil_2030","0.72"
"sgd_004201","mil_0905","0.72"
"sgd_016807","mil_0806","1.0"
"sgd_001892","mil_3145","0.72"
"sgd_008249","mil_4214","0.75"
"sgd_042532","mil_2880","0.75"
"sgd_054126","mil_3140","1.0"
"sgd_026192","mil_0526","0.825"
"sgd_011485","mil_4511","0.75"
"sgd_008294","mil_2719","0.8133333333333332"
"sgd_003743","mil_0153","1.0"
"sgd_007337","mil_3597","0.72"
"sgd_003734","mil_0374","0.7117647058823529"
"sgd_043882","mil_0351","0.7375"
"sgd_016479","mil_2895","0.7846153846153845"
"sgd_038899","mil_4325","0.72"
"sgd_011963","mil_2484","0.7666666666666666"
"sgd_049917","mil_0747","1.0"
"sgd_029726","mil_2438","0.7846153846153845"
"sgd_053017","mil_0776","1.0"
"sgd_013165","mil_4123","0.7375"
"sgd_008223","mil_0546","0.72"
"sgd_003866","mil_3882","0.7529411764705882"
"sgd_028523","mil_1009","0.7375"
"sgd_000125","mil_3810","0.72"
"sgd_024858","mil_4328","0.7375"
"sgd_006651","mil_3145","0.72"
"sgd_024165","mil_3014","0.7277777777777779"
"sgd_037155","mil_2258","0.7117647058823529"
"sgd_056298","mil_0757","0.72"
"sgd_009161","mil_1067","0.85"
"sgd_048918","mil_1384","0.72"
"sgd_028940","mil_0934","0.72"
"sgd_000077","mil_3375","0.78125"
"sgd_049798","mil_0646","1.0"
"sgd_048634","mil_1287","0.78125"
"sgd_027019","mil_1836","0.72"
"sgd_045960","mil_1576","0.7277777777777779"
"sgd_049266","mil_1700","0.72"
"sgd_004103","mil_0355","0.75"
"sgd_054598","mil_2862","1.0"
"sgd_010655","mil_2577","0.7846153846153845"
"sgd_045946","mil_4501","0.7529411764705882"
"sgd_056181","mil_1440","0.75"
"sgd_042553","mil_3377","0.7117647058823529"
"sgd_044627","mil_0204","0.72"
"sgd_005583","mil_1158","0.72"
"sgd_051819","mil_1004","0.7277777777777779"
"sgd_003804","mil_2319","0.72"
"sgd_012401","mil_3518","0.7846153846153845"
"sgd_016098","mil_2499","0.72"
"sgd_010896","mil_4261","0.75"
"sgd_043766","mil_2561","0.85"
"sgd_004390","mil_0351","0.7117647058823529"
"sgd_056936","mil_1429","0.7117647058823529"
"sgd_039098","mil_4381","0.7117647058823529"
"sgd_002314","mil_4789","0.75"
"sgd_031095","mil_1390","0.7666666666666666"
"sgd_050222","mil_2438","0.7846153846153845"
"sgd_026161","mil_1731","0.7117647058823529"
"sgd_045498","mil_4670","0.7049999999999998"
"sgd_041597","mil_0953","1.0"
"sgd_005650","mil_4286","0.7421052631578946"
"sgd_042826","mil_4696","0.7666666666666666"
"sgd_015282","mil_0227","1.0"
"sgd_011731","mil_3538","0.7117647058823529"
"sgd_026380","mil_4220","0.7117647058823529"
"sgd_005582","mil_0168","0.7375"
"sgd_053713","mil_2592","0.72"
"sgd_037337","mil_0649","0.7666666666666666"
"sgd_037477","mil_3821","1.0"
"sgd_017300","mil_0065","0.7117647058823529"
"sgd_024272","mil_3351","0.7666666666666666"
"sgd_011961","mil_3454","0.75"
"sgd_055676","mil_3796","0.7117647058823529"
"sgd_035835","mil_1346","0.7529411764705882"
"sgd_045140","mil_4502","0.7117647058823529"
"sgd_042665","mil_0223","0.85"
"sgd_006902","mil_4331","0.7117647058823529"
"sgd_003969","mil_4748","0.7117647058823529"
"sgd_029818","mil_4490","0.72"
"sgd_046603","mil_3433","0.7375"
"sgd_032546","mil_3959","0.7277777777777779"
"sgd_048233","mil_2142","0.7375"
"sgd_002449","mil_3352","0.75"
"sgd_031762","mil_0500","0.72"
"sgd_047394","mil_4629","0.72"
"sgd_024986","mil_3019","0.72"
"sgd_002947","mil_4785","0.72"
"sgd_027093","mil_3521","0.72"
"sgd_001494","mil_4469","0.8799999999999999"
"sgd_050948","mil_0352","0.7117647058823529"
"sgd_030770","mil_4690","0.7117647058823529"
"sgd_001165","mil_2507","0.72"
"sgd_018076","mil_1731","0.72"
"sgd_026144","mil_0242","0.7117647058823529"
"sgd_032397","mil_2165","0.75"
"sgd_004416","mil_4769","0.7117647058823529"
"sgd_010503","mil_4552","0.7375"
"sgd_047350","mil_0701","0.72"
"sgd_035332","mil_2505","0.7375"
"sgd_000408","mil_0065","0.7529411764705882"
"sgd_007532","mil_0518","0.75"
"sgd_018874","mil_0029","0.7117647058823529"
"sgd_026739","mil_4605","0.72"
"sgd_046778","mil_2348","0.7117647058823529"
"sgd_043843","mil_1994","0.72"
"sgd_022206","mil_4214","0.75"
"sgd_006267","mil_4341","1.0"
"sgd_023090","mil_0140","1.0"
"sgd_045140","mil_1239","0.7375"
"sgd_040003","mil_1676","0.7375"
"sgd_030920","mil_3519","1.0"
"sgd_054648","mil_2818","0.75"
"sgd_007642","mil_1329","0.72"
"sgd_012791","mil_0425","1.0"
"sgd_015522","mil_0362","0.8"
"sgd_024396","mil_0816","0.7375"
"sgd_013314","mil_2005","0.72"
"sgd_050949","mil_1562","0.7117647058823529"
"sgd_034077","mil_4261","0.7846153846153845"
"sgd_013570","mil_3789","0.7375"
"sgd_011908","mil_1727","0.7375"
"sgd_051058","mil_1694","0.7375"
"sgd_048507","mil_4221","0.7117647058823529"
"sgd_004484","mil_0842","0.8384615384615384"
"sgd_050189","mil_0060","0.7277777777777779"
"sgd_021559","mil_4535","0.75"
"sgd_033545","mil_2133","0.72"
"sgd_040100","mil_4639","0.7375"
"sgd_019770","mil_3544","0.7666666666666666"
"sgd_012811","mil_3718","1.0"
"sgd_034248","mil_4573","0.725"
"sgd_052495","mil_3721","0.7375"
"sgd_032861","mil_4139","0.7666666666666666"
"sgd_027351","mil_1215","1.0"
"sgd_047394","mil_1831","0.7846153846153845"
"sgd_043785","mil_0394","1.0"
"sgd_030432","mil_1648","0.7117647058823529"
"sgd_026545","mil_3211","1.0"
"sgd_008523","mil_2258","0.7117647058823529"
"sgd_035816","mil_1892","0.7277777777777779"
"sgd_031916","mil_3207","0.7117647058823529"
"sgd_035625","mil_2180","0.7846153846153845"
"sgd_002750","mil_3140","0.7666666666666666"
"sgd_050625","mil_3745","0.7375"
"sgd_035850","mil_4748","0.7117647058823529"
"sgd_048353","mil_3896","0.7846153846153845"
"sgd_005888","mil_1287","0.7117647058823529"
"sgd_017601","mil_1221","1.0"
"sgd_034429","mil_1669","0.7117647058823529"
"sgd_049574","mil_3145","0.7117647058823529"
"sgd_029770","mil_2811","0.75"
"sgd_014168","mil_1828","0.78125"
"sgd_015681","mil_4147","0.72"
"sgd_046851","mil_0287","0.72"
"sgd_034511","mil_4221","0.7117647058823529"
"sgd_005294","mil_3931","0.8"
"sgd_028676","mil_0044","0.75"
"sgd_005877","mil_0642","0.7117647058823529"
"sgd_035373","mil_0959","0.75"
"sgd_006651","mil_0229","0.7846153846153845"
"sgd_000256","mil_4067","0.7941176470588236"
"sgd_009934","mil_3688","0.7117647058823529"
"sgd_002878","mil_0010","0.7666666666666666"
"sgd_015720","mil_1700","0.75"
"sgd_021490","mil_1756","0.7846153846153845"
"sgd_022012","mil_4206","0.75"
"sgd_035280","mil_3213","0.72"
"sgd_001892","mil_0229","0.7846153846153845"
"sgd_026575","mil_3597","0.72"
"sgd_001790","mil_0597","0.7117647058823529"
"sgd_052223","mil_0449","1.0"
"sgd_025207","mil_1963","0.7117647058823529"
"sgd_010779","mil_3419","0.7117647058823529"
"sgd_027045","mil_0679","0.7375"
"sgd_027414","mil_2711","0.7375"
"sgd_045486","mil_1950","0.75"
"sgd_026596","mil_2462","0.7117647058823529"
"sgd_010243","mil_2218","0.7375"
"sgd_037797","mil_1843","0.7117647058823529"
"sgd_010687","mil_3125","0.75"
"sgd_008010","mil_1721","0.7666666666666666"
"sgd_023719","mil_3817","0.7375"
"sgd_024987","mil_3652","0.7846153846153845"
"sgd_026911","mil_1410","0.7666666666666666"
"sgd_019855","mil_0954","0.7666666666666666"
"sgd_009706","mil_1875","0.7666666666666666"
"sgd_022596","mil_0982","0.8599999999999999"
"sgd_016088","mil_4206","0.75"
"sgd_024393","mil_1207","0.7277777777777779"
"sgd_047479","mil_3511","0.75"
"sgd_030424","mil_4381","0.7117647058823529"
"sgd_043324","mil_3102","0.7117647058823529"
"sgd_006911","mil_2107","0.72"
"sgd_041761","mil_4759","0.75"
"sgd_003203","mil_0009","0.7117647058823529"
"sgd_055430","mil_4076","0.72"
"sgd_040975","mil_0576","0.7277777777777779"
"sgd_006585","mil_0505","0.7277777777777779"
"sgd_055425","mil_1748","0.7117647058823529"
"sgd_022596","mil_2202","1.0"
"sgd_015483","mil_2198","0.7846153846153845"
"sgd_050069","mil_0842","0.72"
"sgd_008568","mil_3849","0.7117647058823529"
"sgd_002344","mil_2099","0.7375"
"sgd_057649","mil_3652","0.72"
"sgd_056040","mil_1994","0.7117647058823529"
"sgd_022403","mil_1721","0.7666666666666666"
"sgd_021908","mil_0840","0.72"
"sgd_011042","mil_0201","0.7117647058823529"
"sgd_045494","mil_1648","0.75"
"sgd_014242","mil_3139","1.0"
"sgd_035634","mil_0837","0.75"
"sgd_001250","mil_1685","0.7052631578947368"
"sgd_025654","mil_4487","0.7846153846153845"
"sgd_051945","mil_2570","1.0"
"sgd_056302","mil_2885","0.72"
"sgd_043316","mil_0482","0.7277777777777779"
"sgd_011453","mil_4212","1.0"
"sgd_003991","mil_1983","1.0"
"sgd_026348","mil_2298","0.7117647058823529"
"sgd_046524","mil_2548","0.7375"
"sgd_020894","mil_3750","0.7375"
"sgd_038228","mil_2895","0.75"
"sgd_018654","mil_4191","1.0"
"sgd_050902","mil_1678","0.75"
"sgd_039287","mil_3773","1.0"
"sgd_013049","mil_4206","0.75"
"sgd_013582","mil_2871","0.82"
"sgd_026276","mil_1951","0.72"
"sgd_031630","mil_2792","0.75"
"sgd_047904","mil_2484","0.7117647058823529"
"sgd_031569","mil_3533","0.8"
"sgd_027912","mil_2506","0.7666666666666666"
"sgd_023486","mil_1721","0.72"
"sgd_055392","mil_3201","0.72"
"sgd_007062","mil_0642","0.7666666666666666"
"sgd_057624","mil_2128","0.7529411764705882"
"sgd_042637","mil_2471","1.0"
"sgd_012024","mil_3053","0.7633333333333334"
"sgd_015831","mil_4261","0.75"
"sgd_040409","mil_0294","0.75"
"sgd_029907","mil_0905","0.7117647058823529"
"sgd_024818","mil_4206","0.72"
"sgd_051350","mil_3496","0.7117647058823529"
"sgd_035556","mil_4625","0.72"
"sgd_010012","mil_2059","0.72"
"sgd_053440","mil_1600","0.72"
"sgd_037609","mil_0390","0.7277777777777779"
"sgd_055505","mil_1232","0.7117647058823529"
"sgd_043153","mil_4690","0.7117647058823529"
"sgd_012590","mil_1734","0.7529411764705882"
"sgd_055876","mil_0728","1.0"
"sgd_052336","mil_4247","0.7052631578947368"
"sgd_000174","mil_1874","1.0"
"sgd_021740","mil_1413","0.7666666666666666"
"sgd_037494","mil_1606","1.0"
"sgd_038087","mil_4214","0.7375"
"sgd_050677","mil_3788","0.72"
"sgd_021935","mil_3652","0.72"
"sgd_017602","mil_0895","1.0"
"sgd_047528","mil_1199","1.0"
"sgd_040256","mil_3296","0.75"
"sgd_017791","mil_2594","0.7666666666666666"
"sgd_046340","mil_0355","0.825"
"sgd_038726","mil_4657","0.7117647058823529"
"sgd_052169","mil_2931","1.0"
"sgd_009349","mil_0980","0.7117647058823529"
"sgd_011490","mil_3470","0.72"
"sgd_027712","mil_3983","0.72"
"sgd_006886","mil_1161","0.7117647058823529"
"sgd_044334","mil_4089","0.7277777777777779"
"sgd_002257","mil_2833","0.7277777777777779"
"sgd_014247","mil_3498","1.0"
"sgd_031799","mil_2055","0.7375"
"sgd_054353","mil_0530","0.7529411764705882"
"sgd_036715","mil_1413","1.0"
"sgd_054138","mil_2503","0.82"
"sgd_026582","mil_3471","0.7117647058823529"
"sgd_055884","mil_4068","1.0"
"sgd_018933","mil_0102","0.7117647058823529"
"sgd_055857","mil_1093","0.85"
"sgd_012846","mil_0371","1.0"
"sgd_041780","mil_0954","0.7666666666666666"
"sgd_003645","mil_4785","0.7375"
"sgd_012926","mil_2342","0.7052631578947368"
"sgd_029804","mil_3423","0.8833333333333333"
"sgd_008872","mil_3002","0.7117647058823529"
"sgd_006108","mil_0201","0.8"
"sgd_030551","mil_2719","0.7666666666666666"
"sgd_007009","mil_4289","1.0"
"sgd_043881","mil_3304","0.7666666666666666"
"sgd_015432","mil_3772","0.7117647058823529"
"sgd_002380","mil_1606","0.8"
"sgd_029637","mil_4087","0.75"
"sgd_030118","mil_2438","0.72"
"sgd_014903","mil_4261","0.72"
"sgd_009179","mil_1135","1.0"
"sgd_025599","mil_0958","1.0"
"sgd_026922","mil_4547","0.78125"
"sgd_016808","mil_1930","1.0"
"sgd_014461","mil_4202","0.72"
"sgd_051527","mil_4261","0.72"
"sgd_046106","mil_2666","0.7117647058823529"
"sgd_051534","mil_3896","0.7375"
"sgd_030146","mil_2711","0.7117647058823529"
"sgd_009446","mil_4439","0.7277777777777779"
"sgd_053569","mil_1328","1.0"
"sgd_004746","mil_4044","0.7052631578947368"
"sgd_057298","mil_0840","0.75"
"sgd_034571","mil_1910","0.7052631578947368"
"sgd_031728","mil_1611","0.72"
"sgd_047981","mil_0954","0.7375"
"sgd_029721","mil_3893","1.0"
"sgd_053644","mil_4785","0.7117647058823529"
"sgd_039640","mil_0135","0.7375"
"sgd_029227","mil_4261","0.75"
"sgd_052730","mil_0327","0.75"
"sgd_042563","mil_3437","0.75"
"sgd_054147","mil_3824","0.72"
"sgd_021579","mil_3597","0.7846153846153845"
"sgd_039295","mil_4048","1.0"
"sgd_040179","mil_0044","0.72"
"sgd_003700","mil_1333","0.75"
"sgd_008806","mil_3509","0.7117647058823529"
"sgd_021490","mil_3989","0.75"
"sgd_026242","mil_0204","0.7117647058823529"
"sgd_036876","mil_3437","0.7117647058823529"
"sgd_001158","mil_0585","0.825"
"sgd_056304","mil_2763","0.72"
"sgd_035431","mil_0690","0.72"
"sgd_033370","mil_1892","0.7117647058823529"
"sgd_007528","mil_2505","0.72"
"sgd_024283","mil_1521","0.7117647058823529"
"sgd_031494","mil_4261","0.7846153846153845"
"sgd_031228","mil_1293","1.0"
"sgd_028572","mil_2284","0.7117647058823529"
"sgd_055851","mil_3044","1.0"
"sgd_036902","mil_2198","0.7375"
"sgd_005172","mil_4202","0.75"
"sgd_016049","mil_0526","0.72"
"sgd_007172","mil_1460","0.7117647058823529"
"sgd_031650","mil_1389","1.0"
"sgd_006594","mil_1831","0.7375"
"sgd_029817","mil_3569","0.75"
"sgd_054108","mil_4778","1.0"
"sgd_054898","mil_0202","0.7117647058823529"
"sgd_026384","mil_1427","0.7277777777777779"
"sgd_034625","mil_1212","0.7375"
"sgd_053400","mil_3213","0.75"
"sgd_056729","mil_1223","0.7375"
"sgd_004009","mil_4547","0.7375"
"sgd_004281","mil_2133","0.7117647058823529"
"sgd_003396","mil_2594","0.7117647058823529"
"sgd_025946","mil_0096","0.72"
"sgd_045262","mil_1261","0.72"
"sgd_021426","mil_3597","0.72"
"sgd_026584","mil_4366","1.0"
"sgd_046419","mil_4418","0.72"
"sgd_024986","mil_2258","0.72"
"sgd_040376","mil_2618","0.7277777777777779"
"sgd_029876","mil_0475","0.8133333333333332"
"sgd_049446","mil_3745","0.7375"
"sgd_028649","mil_3569","0.75"
"sgd_034966","mil_3690","1.0"
"sgd_049598","mil_0985","0.7846153846153845"
"sgd_006127","mil_0730","0.7666666666666666"
"sgd_036184","mil_3935","0.75"
"sgd_027320","mil_1683","0.7846153846153845"
"sgd_035678","mil_4605","0.7846153846153845"
"sgd_048397","mil_4439","0.72"
"sgd_049734","mil_2892","0.7117647058823529"
"sgd_015287","mil_1630","0.75"
"sgd_039174","mil_3152","0.72"
"sgd_052212","mil_1436","1.0"
"sgd_054130","mil_1061","0.72"
"sgd_033784","mil_4567","1.0"
"sgd_023392","mil_3688","0.7277777777777779"
"sgd_046790","mil_2712","0.7117647058823529"
"sgd_033788","mil_2496","1.0"
"sgd_021135","mil_1520","0.7117647058823529"
"sgd_011958","mil_2811","0.75"
"sgd_001501","mil_3253","1.0"
"sgd_023757","mil_1328","0.7277777777777779"
"sgd_042403","mil_0640","0.72"
"sgd_012049","mil_0273","0.72"
"sgd_008236","mil_2460","1.0"
"sgd_027769","mil_2574","0.7117647058823529"
"sgd_005855","mil_1755","0.7666666666666666"
"sgd_012829","mil_2361","1.0"
"sgd_032311","mil_0530","0.7277777777777779"
"sgd_039958","mil_0289","0.8"
"sgd_052544","mil_1843","0.78125"
"sgd_051527","mil_1084","0.7277777777777779"
"sgd_049419","mil_3827","0.7117647058823529"
"sgd_041888","mil_4487","0.825"
"sgd_038361","mil_0040","0.7"
"sgd_000104","mil_3177","0.78125"
"sgd_006594","mil_4629","0.7529411764705882"
"sgd_042011","mil_3953","0.72"
"sgd_028171","mil_3251","1.0"
"sgd_002207","mil_2892","0.7375"
"sgd_015476","mil_0817","0.8727272727272728"
"sgd_010523","mil_2112","0.72"
"sgd_057338","mil_4057","0.7375"
"sgd_025988","mil_0956","0.72"
"sgd_006278","mil_4622","0.72"
"sgd_024961","mil_0450","0.75"
"sgd_042419","mil_1575","0.75"
"sgd_052910","mil_3921","0.72"
"sgd_038184","mil_0004","0.75"
"sgd_032039","mil_1809","1.0"
"sgd_005131","mil_3191","0.7666666666666666"
"sgd_026582","mil_4261","0.75"
"sgd_036556","mil_1089","0.72"
"sgd_043882","mil_1004","0.7375"
"sgd_056230","mil_3056","0.72"
"sgd_047360","mil_0827","0.72"
"sgd_055403","mil_3997","1.0"
"sgd_046408","mil_2899","0.72"
"sgd_010669","mil_0201","0.75"
"sgd_019850","mil_1620","0.82"
"sgd_057306","mil_3140","0.72"
"sgd_004105","mil_2811","0.72"
"sgd_044697","mil_4328","0.7666666666666666"
"sgd_050921","mil_3700","0.7277777777777779"
"sgd_045630","mil_3188","0.7117647058823529"
"sgd_008269","mil_4114","0.72"
"sgd_051975","mil_2886","1.0"
"sgd_042256","mil_2259","0.7529411764705882"
"sgd_011725","mil_3681","0.85"
"sgd_050601","mil_4005","0.7666666666666666"
"sgd_027345","mil_3256","0.72"
"sgd_006394","mil_1333","0.72"
"sgd_019316","mil_0956","0.72"
"sgd_026057","mil_2110","0.7117647058823529"
"sgd_033020","mil_2711","1.0"
"sgd_024057","mil_2484","0.7375"
"sgd_003585","mil_0923","0.7117647058823529"
"sgd_017857","mil_3296","0.72"
"sgd_029866","mil_0278","1.0"
"sgd_037682","mil_4487","0.75"
"sgd_051981","mil_1867","1.0"
"sgd_000532","mil_1979","0.7117647058823529"
"sgd_051445","mil_3555","0.7117647058823529"
"sgd_007629","mil_1204","0.72"
"sgd_044798","mil_0188","0.7117647058823529"
"sgd_055859","mil_2418","1.0"
"sgd_022347","mil_3145","0.72"
"sgd_032855","mil_2594","0.7117647058823529"
"sgd_024510","mil_3569","0.75"
"sgd_051049","mil_1233","0.7375"
"sgd_040975","mil_1239","0.7117647058823529"
"sgd_015831","mil_3471","0.7117647058823529"
"sgd_046244","mil_2438","0.72"
"sgd_045407","mil_0706","0.75"
"sgd_028049","mil_2594","0.7375"
"sgd_007540","mil_0251","1.0"
"sgd_021821","mil_4261","0.75"
"sgd_043726","mil_2276","1.0"
"sgd_031296","mil_2133","0.78125"
"sgd_045576","mil_0152","0.78125"
"sgd_021223","mil_0834","1.0"
"sgd_029746","mil_2178","0.8"
"sgd_021311","mil_1700","0.72"
"sgd_045888","mil_3423","0.8"
"sgd_035556","mil_2677","0.72"
"sgd_002535","mil_0666","1.0"
"sgd_041829","mil_2821","1.0"
"sgd_016766","mil_0473","1.0"
"sgd_016160","mil_0119","0.72"
"sgd_056055","mil_1511","0.7529411764705882"
"sgd_048473","mil_0363","0.72"
"sgd_021908","mil_3019","0.7117647058823529"
"sgd_022863","mil_3036","1.0"
"sgd_002011","mil_0640","1.0"
"sgd_003845","mil_1734","0.8599999999999999"
"sgd_034507","mil_0019","0.7375"
"sgd_044926","mil_1951","0.72"
"sgd_012328","mil_2711","0.72"
"sgd_033963","mil_2711","0.7277777777777779"
"sgd_033386","mil_3991","0.72"
"sgd_010665","mil_0401","0.7846153846153845"
"sgd_000577","mil_1720","0.7375"
"sgd_000935","mil_1700","0.72"
"sgd_031762","mil_0817","0.825"
"sgd_056499","mil_0212","0.72"
"sgd_020654","mil_3162","0.72"
"sgd_027320","mil_0362","0.75"
"sgd_029081","mil_1188","0.7117647058823529"
"sgd_029022","mil_3983","0.7117647058823529"
"sgd_001229","mil_4727","0.7117647058823529"
"sgd_040252","mil_4261","0.825"
"sgd_038632","mil_2818","0.75"
"sgd_051955","mil_0355","0.7846153846153845"
"sgd_005389","mil_3256","0.7529411764705882"
"sgd_012827","mil_2294","0.72"
"sgd_041212","mil_1950","0.7117647058823529"
"sgd_017621","mil_0699","1.0"
"sgd_027712","mil_1634","0.7846153846153845"
"sgd_017979","mil_3351","0.75"
"sgd_012431","mil_0855","0.72"
"sgd_056694","mil_1562","0.7277777777777779"
"sgd_038987","mil_3765","0.72"
"sgd_042286","mil_3241","0.7277777777777779"
"sgd_044012","mil_1900","0.7117647058823529"
"sgd_051952","mil_3204","1.0"
"sgd_057624","mil_2218","0.72"
"sgd_000094","mil_2365","0.78125"
"sgd_024478","mil_3125","0.725"
"sgd_002170","mil_0355","0.75"
"sgd_015846","mil_4476","0.7375"
"sgd_005937","mil_4381","0.7375"
"sgd_051034","mil_4327","0.72"
"sgd_051598","mil_1333","0.825"
"sgd_028523","mil_0475","0.8133333333333332"
"sgd_034809","mil_0550","0.7052631578947368"
"sgd_007606","mil_0777","0.72"
"sgd_042826","mil_2666","0.7375"
"sgd_040318","mil_1302","1.0"
"sgd_025639","mil_3633","1.0"
"sgd_009394","mil_2298","0.72"
"sgd_049605","mil_1287","0.72"
"sgd_021143","mil_1790","0.7117647058823529"
"sgd_055077","mil_1721","0.75"
"sgd_027273","mil_2404","0.72"
"sgd_029171","mil_0589","0.72"
"sgd_007953","mil_0152","0.7375"
"sgd_016072","mil_1587","0.72"
"sgd_042205","mil_0260","0.7277777777777779"
"sgd_027284","mil_3518","1.0"
"sgd_010820","mil_0904","1.0"
"sgd_015762","mil_1329","0.7117647058823529"
"sgd_031644","mil_1451","1.0"
"sgd_029993","mil_2892","0.7277777777777779"
"sgd_038623","mil_2183","0.72"
"sgd_046057","mil_4399","1.0"
"sgd_036372","mil_4333","0.7117647058823529"
"sgd_024532","mil_0029","0.72"
"sgd_014555","mil_0094","0.75"
"sgd_017512","mil_0792","0.7117647058823529"
"sgd_018504","mil_1836","0.7375"
"sgd_054137","mil_0824","0.85"
"sgd_027705","mil_2899","0.72"
"sgd_012295","mil_0135","0.8"
"sgd_016184","mil_1511","0.7375"
"sgd_045946","mil_4114","0.7117647058823529"
"sgd_005294","mil_1849","0.75"
"sgd_002546","mil_2107","1.0"
"sgd_009211","mil_2818","0.72"
"sgd_046228","mil_3673","0.8"
"sgd_043699","mil_3470","0.72"
"sgd_034078","mil_2811","0.8"
"sgd_043667","mil_2811","0.72"
"sgd_014562","mil_4195","0.72"
"sgd_056283","mil_1698","1.0"
"sgd_044657","mil_2594","0.72"
"sgd_002727","mil_2351","0.7117647058823529"
"sgd_033774","mil_2484","0.7117647058823529"
"sgd_023521","mil_4333","0.8133333333333332"
"sgd_026982","mil_2085","0.7277777777777779"
"sgd_045038","mil_1344","1.0"
"sgd_041533","mil_3516","1.0"
"sgd_011834","mil_1437","0.72"
"sgd_038612","mil_0145","0.72"
"sgd_037666","mil_1410","0.72"
"sgd_010976","mil_0903","0.7375"
"sgd_056328","mil_0740","0.72"
"sgd_026624","mil_3191","1.0"
"sgd_055186","mil_3508","0.7529411764705882"
"sgd_035647","mil_1843","0.72"
"sgd_048085","mil_3144","0.7117647058823529"
"sgd_020996","mil_0773","1.0"
"sgd_032219","mil_4206","0.72"
"sgd_024717","mil_1460","0.7117647058823529"
"sgd_037155","mil_0840","0.72"
"sgd_044956","mil_0699","0.75"
"sgd_040460","mil_3959","0.72"
"sgd_002995","mil_4145","0.72"
"sgd_024168","mil_4214","0.7666666666666666"
"sgd_035664","mil_3825","0.7846153846153845"
"sgd_009990","mil_1700","0.72"
"sgd_031673","mil_1413","0.8"
"sgd_015431","mil_0185","0.7277777777777779"
"sgd_015521","mil_0005","0.7846153846153845"
"sgd_021748","mil_4702","1.0"
"sgd_016873","mil_2892","0.7277777777777779"
"sgd_021533","mil_3155","1.0"
"sgd_025878","mil_4740","1.0"
"sgd_006119","mil_3304","0.72"
"sgd_007254","mil_4261","0.72"
"sgd_034056","mil_3140","0.72"
"sgd_029043","mil_0029","0.72"
"sgd_043648","mil_3827","0.7375"
"sgd_037707","mil_1796","0.7117647058823529"
"sgd_040975","mil_4501","0.7117647058823529"
"sgd_029886","mil_3266","0.7117647058823529"
"sgd_050863","mil_2274","0.72"
"sgd_002512","mil_2429","0.82"
"sgd_024971","mil_4785","0.75"
"sgd_022045","mil_0212","0.7375"
"sgd_006166","mil_1045","0.7666666666666666"
"sgd_031451","mil_0209","0.72"
"sgd_011182","mil_2316","1.0"
"sgd_014333","mil_0889","0.75"
"sgd_026298","mil_0669","0.7846153846153845"
"sgd_033115","mil_1032","0.72"
"sgd_035663","mil_2530","1.0"
"sgd_014772","mil_1032","0.7117647058823529"
"sgd_021211","mil_3789","1.0"
"sgd_003504","mil_2496","0.78125"
"sgd_036154","mil_1384","0.72"
"sgd_053299","mil_4014","0.72"
"sgd_018897","mil_1287","0.7117647058823529"
"sgd_033815","mil_0849","0.75"
"sgd_031628","mil_1929","0.7846153846153845"
"sgd_025922","mil_3152","0.7375"
"sgd_004057","mil_1351","0.7375"
"sgd_035932","mil_1301","0.7117647058823529"
"sgd_032245","mil_0934","0.7846153846153845"
"sgd_045933","mil_1674","0.75"
"sgd_002051","mil_4022","1.0"
"sgd_049605","mil_4279","0.72"
"sgd_000178","mil_0869","0.72"
"sgd_044985","mil_1612","0.7117647058823529"
"sgd_012213","mil_3973","0.8875"
"sgd_056319","mil_1144","0.72"
"sgd_054130","mil_0480","0.78125"
"sgd_050433","mil_4261","0.75"
"sgd_044879","mil_2043","0.825"
"sgd_031494","mil_3471","0.7375"
"sgd_046574","mil_4372","0.7117647058823529"
"sgd_038040","mil_1950","0.7666666666666666"
"sgd_026586","mil_4100","0.7117647058823529"
"sgd_036732","mil_3304","0.72"
"sgd_034013","mil_1086","0.72"
"sgd_037988","mil_3345","0.72"
"sgd_049071","mil_1287","0.7117647058823529"
"sgd_027286","mil_4363","0.75"
"sgd_000351","mil_0929","0.78125"
"sgd_001896","mil_0642","0.7277777777777779"
"sgd_047819","mil_3792","1.0"
"sgd_037612","mil_3509","0.7375"
"sgd_040285","mil_1255","0.72"
"sgd_026942","mil_3145","0.7117647058823529"
"sgd_025862","mil_1511","0.72"
"sgd_029227","mil_3471","0.7117647058823529"
"sgd_010421","mil_4053","0.7666666666666666"
"sgd_003969","mil_0816","0.7666666666666666"
"sgd_038560","mil_1994","0.75"
"sgd_018806","mil_0414","0.8799999999999999"
"sgd_031133","mil_1067","0.75"
"sgd_057102","mil_0871","0.7117647058823529"
"sgd_035176","mil_3318","1.0"
"sgd_042496","mil_1929","0.75"
"sgd_019748","mil_1427","0.7117647058823529"
"sgd_024987","mil_4266","0.75"
"sgd_008872","mil_4486","0.7375"
"sgd_018276","mil_2081","0.7375"
"sgd_002048","mil_3850","1.0"
"sgd_042823","mil_4410","0.7375"
"sgd_008523","mil_0840","0.72"
"sgd_044731","mil_1148","0.7375"
"sgd_012979","mil_4067","0.7375"
"sgd_008651","mil_3437","0.7375"
"sgd_015589","mil_1037","0.7666666666666666"
"sgd_005219","mil_1676","0.78125"
"sgd_011631","mil_3068","0.85"
"sgd_026146","mil_1511","0.7117647058823529"
"sgd_050850","mil_3464","1.0"
"sgd_014265","mil_2120","0.72"
"sgd_043686","mil_3397","0.72"
"sgd_006513","mil_1004","0.7529411764705882"
"sgd_004340","mil_0419","0.7666666666666666"
"sgd_052893","mil_4412","0.7375"
"sgd_021280","mil_4114","0.7375"
"sgd_045850","mil_4767","0.7375"
"sgd_050853","mil_1052","0.7"
"sgd_043688","mil_1700","0.7846153846153845"
"sgd_048146","mil_2615","0.8"
"sgd_024033","mil_2597","0.7375"
"sgd_011708","mil_3765","0.75"
"sgd_007254","mil_1084","0.7277777777777779"
"sgd_045821","mil_1413","0.7117647058823529"
"sgd_005584","mil_0229","0.75"
"sgd_029374","mil_2183","0.7375"
"sgd_026876","mil_2274","0.78125"
"sgd_057338","mil_4077","0.72"
"sgd_011905","mil_0905","0.72"
"sgd_047399","mil_4286","1.0"
"sgd_020607","mil_0730","0.7375"
"sgd_007001","mil_1153","0.7375"
