"sgd_019534","spa_04520","0.778532325786041"
"sgd_029586","spa_07938","0.778532325786041"
"sgd_041828","spa_05620","0.778532325786041"
"sgd_042888","spa_04549","0.778532325786041"
"sgd_014684","spa_07200","0.778532325786041"
"sgd_010913","spa_09269","0.778532325786041"
"sgd_006690","spa_07700","0.778532325786041"
"sgd_050983","spa_01368","0.778532325786041"
"sgd_023537","spa_01482","0.778532325786041"
"sgd_015832","spa_07730","0.778532325786041"
"sgd_024777","spa_02970","0.778532325786041"
"sgd_003077","spa_07832","0.778532325786041"
"sgd_019855","spa_06082","0.778532325786041"
"sgd_000372","spa_08556","0.778532325786041"
"sgd_054126","spa_02867","0.778532325786041"
"sgd_023537","spa_01485","0.778532325786041"
"sgd_029394","spa_05956","0.778532325786041"
"sgd_051236","spa_00985","0.778532325786041"
"sgd_032693","spa_08765","0.778532325786041"
"sgd_001564","spa_06229","0.778532325786041"
"sgd_057226","spa_04395","0.778532325786041"
"sgd_043139","spa_03749","0.778532325786041"
"sgd_024094","spa_00565","0.778532325786041"
"sgd_049691","spa_02930","0.778532325786041"
"sgd_017225","spa_03632","0.778532325786041"
"sgd_018623","spa_04456","0.778532325786041"
"sgd_047202","spa_02668","0.778532325786041"
"sgd_023480","spa_06280","0.778532325786041"
"sgd_001224","spa_06042","0.778532325786041"
"sgd_025678","spa_06232","0.778532325786041"
"sgd_000392","spa_02208","0.778532325786041"
"sgd_001411","spa_01433","0.778532325786041"
"sgd_050436","spa_00412","0.778532325786041"
"sgd_023527","spa_06288","0.778532325786041"
"sgd_055669","spa_07671","0.778532325786041"
"sgd_010894","spa_07714","0.778532325786041"
"sgd_044602","spa_07367","0.778532325786041"
"sgd_012837","spa_08887","0.778532325786041"
"sgd_052984","spa_03775","0.778532325786041"
"sgd_023527","spa_01473","0.778532325786041"
"sgd_040112","spa_04101","0.778532325786041"
"sgd_011459","spa_05618","0.778532325786041"
"sgd_006051","spa_04679","0.778532325786041"
"sgd_050444","spa_08316","0.778532325786041"
"sgd_043771","spa_05628","0.778532325786041"
"sgd_014175","spa_05526","0.778532325786041"
"sgd_038495","spa_04891","0.778532325786041"
"sgd_002840","spa_02571","0.778532325786041"
"sgd_023530","spa_07865","0.778532325786041"
"sgd_046561","spa_08678","0.778532325786041"
"sgd_030827","spa_04002","0.778532325786041"
"sgd_025343","spa_09383","0.778532325786041"
"sgd_056022","spa_07990","0.778532325786041"
"sgd_055837","spa_01307","0.778532325786041"
"sgd_034981","spa_08931","0.778532325786041"
"sgd_038786","spa_06987","0.778532325786041"
"sgd_024214","spa_03342","0.778532325786041"
"sgd_051477","spa_04292","0.778532325786041"
"sgd_029201","spa_07689","0.778532325786041"
"sgd_044342","spa_07633","0.778532325786041"
"sgd_016529","spa_07004","0.778532325786041"
"sgd_023242","spa_07122","0.778532325786041"
"sgd_035738","spa_05386","0.778532325786041"
"sgd_048238","spa_05292","0.778532325786041"
"sgd_001938","spa_07057","0.778532325786041"
"sgd_003392","spa_03680","0.778532325786041"
"sgd_019754","spa_04150","0.778532325786041"
"sgd_026280","spa_07332","0.778532325786041"
"sgd_045000","spa_00386","0.778532325786041"
"sgd_018106","spa_09316","0.778532325786041"
"sgd_050200","spa_00252","0.778532325786041"
"sgd_023198","spa_08555","0.778532325786041"
"sgd_025348","spa_09384","0.778532325786041"
"sgd_025427","spa_04662","0.778532325786041"
"sgd_030824","spa_08841","0.778532325786041"
"sgd_039446","spa_04201","0.778532325786041"
"sgd_014966","spa_07932","0.778532325786041"
"sgd_027045","spa_00844","0.778532325786041"
"sgd_016529","spa_07005","0.778532325786041"
"sgd_028379","spa_07937","0.778532325786041"
"sgd_023497","spa_04732","0.778532325786041"
"sgd_029364","spa_02599","0.778532325786041"
"sgd_022033","spa_04394","0.778532325786041"
"sgd_020828","spa_03516","0.778532325786041"
"sgd_002166","spa_09088","0.778532325786041"
"sgd_050801","spa_08700","0.778532325786041"
"sgd_002331","spa_07337","0.778532325786041"
"sgd_025686","spa_03016","0.778532325786041"
"sgd_037762","spa_00962","0.778532325786041"
"sgd_032009","spa_00458","0.778532325786041"
"sgd_018781","spa_05329","0.778532325786041"
"sgd_056278","spa_01310","0.778532325786041"
"sgd_033223","spa_00956","0.778532325786041"
"sgd_000517","spa_04721","0.778532325786041"
"sgd_029513","spa_07438","0.778532325786041"
"sgd_057162","spa_07422","0.778532325786041"
"sgd_018381","spa_07316","0.778532325786041"
"sgd_029567","spa_09014","0.778532325786041"
"sgd_036920","spa_01644","0.778532325786041"
"sgd_053306","spa_08686","0.778532325786041"
"sgd_043564","spa_07309","0.778532325786041"
"sgd_014587","spa_05633","0.778532325786041"
"sgd_006691","spa_01455","0.778532325786041"
"sgd_042366","spa_03600","0.778532325786041"
"sgd_056264","spa_01547","0.778532325786041"
"sgd_003813","spa_05851","0.778532325786041"
"sgd_041637","spa_06991","0.778532325786041"
"sgd_048125","spa_07731","0.778532325786041"
"sgd_006685","spa_01460","0.778532325786041"
"sgd_023498","spa_07879","0.778532325786041"
"sgd_023986","spa_02504","0.778532325786041"
"sgd_014176","spa_05524","0.778532325786041"
"sgd_049707","spa_01360","0.778532325786041"
"sgd_053000","spa_00197","0.778532325786041"
"sgd_003041","spa_01443","0.778532325786041"
"sgd_055869","spa_09229","0.778532325786041"
"sgd_037146","spa_01052","0.778532325786041"
"sgd_001220","spa_06045","0.778532325786041"
"sgd_025211","spa_07051","0.778532325786041"
"sgd_034940","spa_04091","0.778532325786041"
"sgd_019081","spa_02680","0.778532325786041"
"sgd_006645","spa_00957","0.778532325786041"
"sgd_025400","spa_06226","0.778532325786041"
"sgd_013920","spa_08892","0.778532325786041"
"sgd_057182","spa_01777","0.778532325786041"
"sgd_032025","spa_06942","0.778532325786041"
"sgd_039943","spa_04098","0.778532325786041"
"sgd_055993","spa_03517","0.778532325786041"
"sgd_042869","spa_01330","0.778532325786041"
"sgd_019280","spa_01635","0.778532325786041"
"sgd_001223","spa_06043","0.778532325786041"
"sgd_000517","spa_04720","0.778532325786041"
"sgd_000268","spa_02118","0.778532325786041"
"sgd_023485","spa_07866","0.778532325786041"
"sgd_001808","spa_02508","0.778532325786041"
"sgd_018162","spa_01370","0.778532325786041"
"sgd_042636","spa_04207","0.778532325786041"
"sgd_006726","spa_00473","0.778532325786041"
"sgd_054164","spa_02868","0.778532325786041"
"sgd_009072","spa_08403","0.778532325786041"
"sgd_018277","spa_00981","0.778532325786041"
"sgd_054794","spa_02000","0.778532325786041"
"sgd_029016","spa_00133","0.778532325786041"
"sgd_049692","spa_07741","0.778532325786041"
"sgd_048932","spa_06427","0.778532325786041"
"sgd_052304","spa_06647","0.778532325786041"
"sgd_050178","spa_03468","0.778532325786041"
"sgd_056082","spa_04699","0.778532325786041"
"sgd_015456","spa_04829","0.778532325786041"
"sgd_049496","spa_00406","0.778532325786041"
"sgd_022257","spa_04942","0.778532325786041"
"sgd_003250","spa_07833","0.778532325786041"
"sgd_025445","spa_06223","0.778532325786041"
"sgd_057417","spa_07960","0.778532325786041"
"sgd_010231","spa_06684","0.778532325786041"
"sgd_041642","spa_03895","0.778532325786041"
"sgd_041762","spa_08882","0.778532325786041"
"sgd_051242","spa_05744","0.778532325786041"
"sgd_033819","spa_03032","0.778532325786041"
"sgd_030907","spa_07443","0.778532325786041"
"sgd_010362","spa_03143","0.778532325786041"
"sgd_023544","spa_04736","0.778532325786041"
"sgd_010233","spa_06685","0.778532325786041"
"sgd_000168","spa_07119","0.778532325786041"
"sgd_033882","spa_03715","0.778532325786041"
"sgd_038551","spa_06445","0.778532325786041"
"sgd_021449","spa_04390","0.778532325786041"
"sgd_045237","spa_06861","0.778532325786041"
"sgd_027943","spa_01442","0.778532325786041"
"sgd_011586","spa_05046","0.778532325786041"
"sgd_023945","spa_02503","0.778532325786041"
"sgd_012035","spa_00511","0.778532325786041"
"sgd_003828","spa_03209","0.778532325786041"
"sgd_033934","spa_02168","0.778532325786041"
"sgd_048522","spa_04116","0.778532325786041"
"sgd_050918","spa_09310","0.778532325786041"
"sgd_050917","spa_09311","0.778532325786041"
"sgd_024058","spa_05593","0.778532325786041"
"sgd_037875","spa_03731","0.778532325786041"
"sgd_053366","spa_05529","0.778532325786041"
"sgd_052842","spa_05196","0.778532325786041"
"sgd_015848","spa_09288","0.778532325786041"
"sgd_047682","spa_03170","0.778532325786041"
"sgd_002466","spa_06917","0.778532325786041"
"sgd_033881","spa_03716","0.778532325786041"
"sgd_044032","spa_03751","0.778532325786041"
"sgd_009262","spa_02182","0.778532325786041"
"sgd_019150","spa_08607","0.778532325786041"
"sgd_029389","spa_07382","0.778532325786041"
"sgd_025741","spa_07823","0.778532325786041"
"sgd_023507","spa_07877","0.778532325786041"
"sgd_000521","spa_03055","0.778532325786041"
"sgd_000521","spa_01470","0.778532325786041"
"sgd_005491","spa_08527","0.778532325786041"
"sgd_019186","spa_05194","0.778532325786041"
"sgd_009075","spa_00488","0.778532325786041"
"sgd_044885","spa_01718","0.778532325786041"
"sgd_034971","spa_07352","0.778532325786041"
"sgd_003600","spa_07080","0.778532325786041"
"sgd_044534","spa_07214","0.778532325786041"
"sgd_010256","spa_06970","0.778532325786041"
"sgd_031954","spa_05368","0.778532325786041"
"sgd_012667","spa_02545","0.778532325786041"
"sgd_053978","spa_02640","0.778532325786041"
"sgd_029468","spa_00895","0.778532325786041"
"sgd_025684","spa_09387","0.778532325786041"
"sgd_021392","spa_09868","0.778532325786041"
"sgd_033501","spa_09405","0.778532325786041"
"sgd_016808","spa_04585","0.778532325786041"
"sgd_049728","spa_09305","0.778532325786041"
"sgd_050948","spa_01367","0.778532325786041"
"sgd_040163","spa_05723","0.778532325786041"
"sgd_023485","spa_01480","0.778532325786041"
"sgd_018982","spa_03759","0.778532325786041"
"sgd_024592","spa_07071","0.778532325786041"
"sgd_057204","spa_07923","0.778532325786041"
"sgd_016715","spa_01359","0.778532325786041"
"sgd_027254","spa_06916","0.778532325786041"
"sgd_016987","spa_05654","0.778532325786041"
"sgd_022276","spa_00031","0.778532325786041"
"sgd_057208","spa_02739","0.778532325786041"
"sgd_019110","spa_02962","0.778532325786041"
"sgd_014035","spa_08456","0.778532325786041"
"sgd_053391","spa_04517","0.778532325786041"
"sgd_011318","spa_02047","0.778532325786041"
"sgd_025399","spa_07821","0.778532325786041"
"sgd_016780","spa_02936","0.778532325786041"
"sgd_049740","spa_02932","0.778532325786041"
"sgd_044848","spa_03250","0.778532325786041"
"sgd_033772","spa_01459","0.778532325786041"
"sgd_056073","spa_06777","0.778532325786041"
"sgd_016330","spa_06427","0.778532325786041"
"sgd_038810","spa_02226","0.778532325786041"
"sgd_024775","spa_06047","0.778532325786041"
"sgd_003478","spa_03683","0.778532325786041"
"sgd_017762","spa_01369","0.778532325786041"
"sgd_030724","spa_03830","0.778532325786041"
"sgd_017775","spa_09312","0.778532325786041"
"sgd_024030","spa_05848","0.778532325786041"
"sgd_008717","spa_07396","0.778532325786041"
"sgd_014177","spa_00616","0.778532325786041"
"sgd_057051","spa_07482","0.778532325786041"
"sgd_028601","spa_02320","0.778532325786041"
"sgd_013235","spa_02828","0.778532325786041"
"sgd_042920","spa_06126","0.778532325786041"
"sgd_028581","spa_07079","0.778532325786041"
"sgd_023547","spa_04731","0.778532325786041"
"sgd_054887","spa_02003","0.778532325786041"
"sgd_024780","spa_04471","0.778532325786041"
"sgd_000517","spa_03062","0.778532325786041"
"sgd_023530","spa_06298","0.778532325786041"
"sgd_019785","spa_03668","0.778532325786041"
"sgd_050894","spa_01951","0.778532325786041"
"sgd_011912","spa_02056","0.778532325786041"
"sgd_040780","spa_07713","0.778532325786041"
"sgd_049745","spa_02931","0.778532325786041"
"sgd_051163","spa_05745","0.778532325786041"
"sgd_024696","spa_04469","0.778532325786041"
"sgd_051879","spa_09326","0.778532325786041"
"sgd_040116","spa_08939","0.778532325786041"
"sgd_002294","spa_07336","0.778532325786041"
"sgd_004542","spa_01623","0.778532325786041"
"sgd_000524","spa_06289","0.778532325786041"
"sgd_023251","spa_00658","0.778532325786041"
"sgd_028227","spa_03681","0.778532325786041"
"sgd_023530","spa_03060","0.778532325786041"
"sgd_050819","spa_06882","0.778532325786041"
"sgd_013018","spa_03157","0.778532325786041"
"sgd_047946","spa_01337","0.778532325786041"
"sgd_035642","spa_07353","0.778532325786041"
"sgd_028585","spa_03827","0.778532325786041"
"sgd_051987","spa_09527","0.778532325786041"
"sgd_056275","spa_07681","0.778532325786041"
"sgd_038811","spa_02227","0.778532325786041"
"sgd_018681","spa_07093","0.778532325786041"
"sgd_023505","spa_07875","0.778532325786041"
"sgd_001224","spa_07619","0.778532325786041"
"sgd_041849","spa_02275","0.778532325786041"
"sgd_048020","spa_02908","0.778532325786041"
"sgd_037180","spa_04274","0.778532325786041"
"sgd_041829","spa_05619","0.778532325786041"
"sgd_006018","spa_09404","0.778532325786041"
"sgd_018171","spa_04600","0.778532325786041"
"sgd_001547","spa_03014","0.778532325786041"
"sgd_037703","spa_00495","0.778532325786041"
"sgd_055883","spa_04383","0.778532325786041"
"sgd_037570","spa_05791","0.778532325786041"
"sgd_040816","spa_01323","0.778532325786041"
"sgd_053642","spa_07664","0.778532325786041"
"sgd_035140","spa_05934","0.778532325786041"
"sgd_055850","spa_09230","0.778532325786041"
"sgd_048020","spa_02907","0.778532325786041"
"sgd_000517","spa_03066","0.778532325786041"
"sgd_056261","spa_09233","0.778532325786041"
"sgd_048023","spa_02906","0.778532325786041"
"sgd_024185","spa_02011","0.778532325786041"
"sgd_011788","spa_02274","0.778532325786041"
"sgd_038021","spa_01319","0.778532325786041"
"sgd_023530","spa_01484","0.778532325786041"
"sgd_002190","spa_07521","0.778532325786041"
"sgd_048126","spa_02916","0.778532325786041"
"sgd_023530","spa_09440","0.778532325786041"
"sgd_001305","spa_07167","0.778532325786041"
"sgd_049976","spa_09251","0.778532325786041"
"sgd_055830","spa_07674","0.778532325786041"
"sgd_051293","spa_06643","0.778532325786041"
"sgd_045666","spa_00393","0.778532325786041"
"sgd_002652","spa_02408","0.778532325786041"
"sgd_056260","spa_09231","0.778532325786041"
"sgd_049246","spa_09562","0.778532325786041"
"sgd_054603","spa_00752","0.778532325786041"
"sgd_007512","spa_00480","0.778532325786041"
"sgd_036891","spa_05004","0.778532325786041"
"sgd_000966","spa_05700","0.778532325786041"
"sgd_005331","spa_08868","0.778532325786041"
"sgd_056177","spa_01597","0.778532325786041"
"sgd_023962","spa_09004","0.778532325786041"
"sgd_013886","spa_08676","0.778532325786041"
"sgd_019107","spa_07614","0.778532325786041"
"sgd_029864","spa_02573","0.778532325786041"
"sgd_031696","spa_03700","0.778532325786041"
"sgd_032376","spa_06944","0.778532325786041"
"sgd_031946","spa_00457","0.778532325786041"
"sgd_040269","spa_02272","0.778532325786041"
"sgd_034733","spa_01312","0.778532325786041"
"sgd_027938","spa_06242","0.778532325786041"
"sgd_023500","spa_07874","0.778532325786041"
"sgd_023507","spa_04733","0.778532325786041"
"sgd_023527","spa_09438","0.778532325786041"
"sgd_016789","spa_01364","0.778532325786041"
"sgd_003016","spa_06243","0.778532325786041"
"sgd_034713","spa_07706","0.778532325786041"
"sgd_043760","spa_02281","0.778532325786041"
"sgd_005910","spa_08927","0.778532325786041"
"sgd_015890","spa_09289","0.778532325786041"
"sgd_002468","spa_00588","0.778532325786041"
"sgd_048040","spa_05236","0.778532325786041"
"sgd_024818","spa_02967","0.778532325786041"
"sgd_043357","spa_05646","0.778532325786041"
"sgd_039930","spa_07356","0.778532325786041"
"sgd_038604","spa_08878","0.778532325786041"
"sgd_012697","spa_08885","0.778532325786041"
"sgd_054670","spa_07156","0.778532325786041"
"sgd_006699","spa_01458","0.778532325786041"
"sgd_013718","spa_06860","0.778532325786041"
"sgd_026681","spa_03566","0.778532325786041"
"sgd_010890","spa_07715","0.778532325786041"
"sgd_022874","spa_05761","0.778532325786041"
"sgd_012460","spa_09272","0.778532325786041"
"sgd_031646","spa_07344","0.778532325786041"
"sgd_021379","spa_08372","0.778532325786041"
"sgd_034661","spa_01466","0.778532325786041"
"sgd_044544","spa_00876","0.778532325786041"
"sgd_015636","spa_03171","0.778532325786041"
"sgd_049763","spa_06158","0.778532325786041"
"sgd_020485","spa_03513","0.778532325786041"
"sgd_023146","spa_02210","0.778532325786041"
"sgd_023478","spa_06285","0.778532325786041"
"sgd_049930","spa_01071","0.778532325786041"
"sgd_004096","spa_09015","0.778532325786041"
"sgd_030629","spa_00671","0.778532325786041"
"sgd_047266","spa_02288","0.778532325786041"
"sgd_033463","spa_07695","0.778532325786041"
"sgd_047082","spa_05285","0.778532325786041"
"sgd_019175","spa_03364","0.778532325786041"
"sgd_024698","spa_07616","0.778532325786041"
"sgd_040820","spa_07718","0.778532325786041"
"sgd_002883","spa_00589","0.778532325786041"
"sgd_030175","spa_07976","0.778532325786041"
"sgd_022357","spa_01709","0.778532325786041"
"sgd_041009","spa_05727","0.778532325786041"
"sgd_029472","spa_07243","0.778532325786041"
"sgd_005702","spa_03703","0.778532325786041"
"sgd_049040","spa_09299","0.778532325786041"
"sgd_023512","spa_03056","0.778532325786041"
"sgd_049470","spa_05299","0.778532325786041"
"sgd_004592","spa_05424","0.778532325786041"
"sgd_021341","spa_09839","0.778532325786041"
"sgd_016303","spa_05295","0.778532325786041"
"sgd_035646","spa_08932","0.778532325786041"
"sgd_023549","spa_03067","0.778532325786041"
"sgd_048871","spa_05296","0.778532325786041"
"sgd_016801","spa_07747","0.778532325786041"
"sgd_008259","spa_04890","0.778532325786041"
"sgd_005564","spa_08528","0.778532325786041"
"sgd_023527","spa_06275","0.778532325786041"
"sgd_055462","spa_03422","0.778532325786041"
"sgd_024015","spa_02505","0.778532325786041"
"sgd_030568","spa_00610","0.778532325786041"
"sgd_023507","spa_03061","0.778532325786041"
"sgd_017747","spa_02942","0.778532325786041"
"sgd_053756","spa_01995","0.778532325786041"
"sgd_024688","spa_02965","0.778532325786041"
"sgd_040148","spa_02540","0.778532325786041"
"sgd_035664","spa_00860","0.778532325786041"
"sgd_024712","spa_01247","0.778532325786041"
"sgd_023527","spa_06276","0.778532325786041"
"sgd_041514","spa_08390","0.778532325786041"
"sgd_021755","spa_03526","0.778532325786041"
"sgd_002927","spa_08504","0.778532325786041"
"sgd_029012","spa_08041","0.778532325786041"
"sgd_019806","spa_02787","0.778532325786041"
"sgd_036918","spa_00040","0.778532325786041"
"sgd_008663","spa_07394","0.778532325786041"
"sgd_054701","spa_00837","0.778532325786041"
"sgd_025429","spa_03006","0.778532325786041"
"sgd_018900","spa_03415","0.778532325786041"
"sgd_048126","spa_01545","0.778532325786041"
"sgd_025421","spa_03009","0.778532325786041"
"sgd_025122","spa_05338","0.778532325786041"
"sgd_039621","spa_01914","0.778532325786041"
"sgd_051229","spa_00983","0.778532325786041"
"sgd_021427","spa_07680","0.778532325786041"
"sgd_043384","spa_07308","0.778532325786041"
"sgd_043025","spa_02544","0.778532325786041"
"sgd_052162","spa_09548","0.778532325786041"
"sgd_009127","spa_00489","0.778532325786041"
"sgd_034165","spa_00476","0.778532325786041"
"sgd_028596","spa_08669","0.778532325786041"
"sgd_016805","spa_07748","0.778532325786041"
"sgd_016410","spa_02924","0.778532325786041"
"sgd_030196","spa_09539","0.778532325786041"
"sgd_023357","spa_08735","0.778532325786041"
"sgd_023530","spa_07876","0.778532325786041"
"sgd_023530","spa_04730","0.778532325786041"
"sgd_023547","spa_06299","0.778532325786041"
"sgd_012209","spa_03601","0.778532325786041"
"sgd_041167","spa_01556","0.778532325786041"
"sgd_055157","spa_00309","0.778532325786041"
"sgd_015834","spa_04561","0.778532325786041"
"sgd_014589","spa_08633","0.778532325786041"
"sgd_047997","spa_09286","0.778532325786041"
"sgd_029951","spa_04184","0.778532325786041"
"sgd_024758","spa_07620","0.778532325786041"
"sgd_023500","spa_01483","0.778532325786041"
"sgd_051984","spa_03838","0.778532325786041"
"sgd_023512","spa_01471","0.778532325786041"
"sgd_029563","spa_04183","0.778532325786041"
"sgd_015938","spa_05293","0.778532325786041"
"sgd_008128","spa_02607","0.778532325786041"
"sgd_000637","spa_02121","0.778532325786041"
"sgd_003839","spa_06459","0.778532325786041"
"sgd_030145","spa_08519","0.778532325786041"
"sgd_010490","spa_00869","0.778532325786041"
"sgd_040766","spa_01325","0.778532325786041"
"sgd_002485","spa_03674","0.778532325786041"
"sgd_023655","spa_08478","0.778532325786041"
"sgd_019284","spa_07995","0.778532325786041"
"sgd_019827","spa_07669","0.778532325786041"
"sgd_037217","spa_08960","0.778532325786041"
"sgd_006108","spa_04193","0.778532325786041"
"sgd_023811","spa_05564","0.778532325786041"
"sgd_049764","spa_02937","0.778532325786041"
"sgd_048016","spa_01344","0.778532325786041"
"sgd_010218","spa_05136","0.778532325786041"
"sgd_023512","spa_06284","0.778532325786041"
"sgd_026354","spa_00345","0.778532325786041"
"sgd_014254","spa_03617","0.778532325786041"
"sgd_047690","spa_07001","0.778532325786041"
"sgd_004760","spa_09017","0.778532325786041"
"sgd_053302","spa_05531","0.778532325786041"
"sgd_023500","spa_04719","0.778532325786041"
"sgd_017689","spa_03471","0.778532325786041"
"sgd_005884","spa_04087","0.778532325786041"
"sgd_018206","spa_02946","0.778532325786041"
"sgd_012442","spa_02894","0.778532325786041"
"sgd_053410","spa_07660","0.778532325786041"
"sgd_002328","spa_00846","0.778532325786041"
"sgd_032038","spa_06941","0.778532325786041"
"sgd_015495","spa_03623","0.778532325786041"
"sgd_050968","spa_07752","0.778532325786041"
"sgd_041047","spa_05726","0.778532325786041"
"sgd_004025","spa_07383","0.778532325786041"
"sgd_049976","spa_07534","0.778532325786041"
"sgd_032711","spa_07111","0.778532325786041"
"sgd_020036","spa_04126","0.778532325786041"
"sgd_039735","spa_06971","0.778532325786041"
"sgd_038510","spa_01663","0.778532325786041"
"sgd_053646","spa_01291","0.778532325786041"
"sgd_018179","spa_09314","0.778532325786041"
"sgd_006191","spa_05866","0.778532325786041"
"sgd_049049","spa_01354","0.778532325786041"
"sgd_023503","spa_06291","0.778532325786041"
"sgd_028713","spa_03688","0.778532325786041"
"sgd_002492","spa_08503","0.778532325786041"
"sgd_023500","spa_06297","0.778532325786041"
"sgd_001791","spa_07074","0.778532325786041"
"sgd_050999","spa_01366","0.778532325786041"
"sgd_009232","spa_02535","0.778532325786041"
"sgd_004969","spa_04188","0.778532325786041"
"sgd_016809","spa_07746","0.778532325786041"
"sgd_015838","spa_06140","0.778532325786041"
"sgd_033461","spa_09406","0.778532325786041"
"sgd_056089","spa_05034","0.778532325786041"
"sgd_004422","spa_06937","0.778532325786041"
"sgd_029513","spa_02520","0.778532325786041"
"sgd_003420","spa_05358","0.778532325786041"
"sgd_025311","spa_06221","0.778532325786041"
"sgd_010422","spa_08938","0.778532325786041"
"sgd_032391","spa_00461","0.778532325786041"
"sgd_023480","spa_07880","0.778532325786041"
"sgd_034726","spa_01465","0.778532325786041"
"sgd_052659","spa_01240","0.778532325786041"
"sgd_002135","spa_01034","0.778532325786041"
"sgd_012489","spa_02543","0.778532325786041"
"sgd_005528","spa_06941","0.778532325786041"
"sgd_019837","spa_01301","0.778532325786041"
"sgd_025716","spa_03015","0.778532325786041"
"sgd_029727","spa_08196","0.778532325786041"
"sgd_023549","spa_03063","0.778532325786041"
"sgd_040732","spa_04545","0.778532325786041"
"sgd_049292","spa_02246","0.778532325786041"
"sgd_052658","spa_01240","0.778532325786041"
"sgd_018795","spa_08337","0.778532325786041"
"sgd_020598","spa_05467","0.778532325786041"
"sgd_053685","spa_09212","0.778532325786041"
"sgd_007164","spa_00857","0.778532325786041"
"sgd_048085","spa_02913","0.778532325786041"
"sgd_010906","spa_06124","0.778532325786041"
"sgd_055117","spa_00308","0.778532325786041"
"sgd_015492","spa_09950","0.778532325786041"
"sgd_000521","spa_09427","0.778532325786041"
"sgd_017371","spa_08895","0.778532325786041"
"sgd_042380","spa_03181","0.778532325786041"
"sgd_004863","spa_02602","0.778532325786041"
"sgd_040832","spa_03044","0.778532325786041"
"sgd_014038","spa_03615","0.778532325786041"
"sgd_026235","spa_07432","0.778532325786041"
"sgd_046073","spa_03619","0.778532325786041"
"sgd_053014","spa_00198","0.778532325786041"
"sgd_000121","spa_05762","0.778532325786041"
"sgd_047745","spa_03753","0.778532325786041"
"sgd_018182","spa_04596","0.778532325786041"
"sgd_056026","spa_03518","0.778532325786041"
"sgd_026691","spa_06815","0.778532325786041"
"sgd_041411","spa_06826","0.778532325786041"
"sgd_019180","spa_03366","0.778532325786041"
"sgd_000530","spa_01475","0.778532325786041"
"sgd_009722","spa_08877","0.778532325786041"
"sgd_003427","spa_08509","0.778532325786041"
"sgd_041002","spa_07303","0.778532325786041"
"sgd_026638","spa_07953","0.778532325786041"
"sgd_044087","spa_02239","0.778532325786041"
"sgd_023544","spa_04726","0.778532325786041"
"sgd_009083","spa_08402","0.778532325786041"
"sgd_002030","spa_07075","0.778532325786041"
"sgd_029431","spa_08814","0.778532325786041"
"sgd_025409","spa_07818","0.778532325786041"
"sgd_037966","spa_01318","0.778532325786041"
"sgd_051226","spa_02560","0.778532325786041"
"sgd_003073","spa_03019","0.778532325786041"
"sgd_036712","spa_06983","0.778532325786041"
"sgd_042665","spa_07306","0.778532325786041"
"sgd_040188","spa_00964","0.778532325786041"
"sgd_015672","spa_04221","0.778532325786041"
"sgd_025054","spa_03154","0.778532325786041"
"sgd_003833","spa_01681","0.778532325786041"
"sgd_033503","spa_01452","0.778532325786041"
"sgd_016400","spa_02918","0.778532325786041"
"sgd_003304","spa_03919","0.778532325786041"
"sgd_023549","spa_07869","0.778532325786041"
"sgd_037967","spa_01318","0.778532325786041"
"sgd_002542","spa_01579","0.778532325786041"
"sgd_047456","spa_08679","0.778532325786041"
"sgd_019572","spa_09213","0.778532325786041"
"sgd_054694","spa_06370","0.778532325786041"
"sgd_003048","spa_07829","0.778532325786041"
"sgd_026280","spa_09504","0.778532325786041"
"sgd_027025","spa_05771","0.778532325786041"
"sgd_038982","spa_08413","0.778532325786041"
"sgd_002601","spa_07173","0.778532325786041"
"sgd_051869","spa_01388","0.778532325786041"
"sgd_047479","spa_07312","0.778532325786041"
"sgd_015159","spa_00399","0.778532325786041"
"sgd_010578","spa_03933","0.778532325786041"
"sgd_048214","spa_06877","0.778532325786041"
"sgd_039921","spa_08935","0.778532325786041"
"sgd_055743","spa_06092","0.778532325786041"
"sgd_029826","spa_07339","0.778532325786041"
"sgd_056623","spa_08375","0.778532325786041"
"sgd_021343","spa_05033","0.778532325786041"
"sgd_006695","spa_04763","0.778532325786041"
"sgd_042948","spa_07723","0.778532325786041"
"sgd_049038","spa_06155","0.778532325786041"
"sgd_027916","spa_09396","0.778532325786041"
"sgd_033457","spa_04682","0.778532325786041"
"sgd_051840","spa_09323","0.778532325786041"
"sgd_025410","spa_04660","0.778532325786041"
"sgd_053306","spa_05530","0.778532325786041"
"sgd_041869","spa_04281","0.778532325786041"
"sgd_044328","spa_01261","0.778532325786041"
"sgd_003248","spa_04669","0.778532325786041"
"sgd_052841","spa_00446","0.778532325786041"
"sgd_003277","spa_05604","0.778532325786041"
"sgd_010916","spa_01322","0.778532325786041"
"sgd_016986","spa_08788","0.778532325786041"
"sgd_027267","spa_04808","0.778532325786041"
"sgd_015972","spa_02093","0.778532325786041"
"sgd_004881","spa_07387","0.778532325786041"
"sgd_019211","spa_06766","0.778532325786041"
"sgd_053385","spa_06074","0.778532325786041"
"sgd_011409","spa_03594","0.778532325786041"
"sgd_041704","spa_09847","0.778532325786041"
"sgd_003983","spa_06258","0.778532325786041"
"sgd_045248","spa_05279","0.778532325786041"
"sgd_012517","spa_04209","0.778532325786041"
"sgd_034757","spa_04534","0.778532325786041"
"sgd_027216","spa_04823","0.778532325786041"
"sgd_004151","spa_00951","0.778532325786041"
"sgd_011320","spa_06979","0.778532325786041"
"sgd_050073","spa_01170","0.778532325786041"
"sgd_031800","spa_05865","0.778532325786041"
"sgd_056190","spa_03520","0.778532325786041"
"sgd_009870","spa_05396","0.778532325786041"
"sgd_021396","spa_05214","0.778532325786041"
"sgd_043135","spa_08588","0.778532325786041"
"sgd_057450","spa_05218","0.778532325786041"
"sgd_015801","spa_07728","0.778532325786041"
"sgd_000524","spa_06278","0.778532325786041"
"sgd_006709","spa_06268","0.778532325786041"
"sgd_006049","spa_01449","0.778532325786041"
"sgd_039337","spa_09151","0.778532325786041"
"sgd_019798","spa_02786","0.778532325786041"
"sgd_039520","spa_00634","0.778532325786041"
"sgd_023497","spa_03065","0.778532325786041"
"sgd_015715","spa_09063","0.778532325786041"
"sgd_044026","spa_06998","0.778532325786041"
"sgd_056282","spa_02887","0.778532325786041"
"sgd_056287","spa_06099","0.778532325786041"
"sgd_054106","spa_09222","0.778532325786041"
"sgd_051007","spa_05837","0.778532325786041"
"sgd_049738","spa_09302","0.778532325786041"
"sgd_040761","spa_09270","0.778532325786041"
"sgd_000524","spa_06277","0.778532325786041"
"sgd_025357","spa_06227","0.778532325786041"
"sgd_022874","spa_00989","0.778532325786041"
"sgd_051861","spa_01385","0.778532325786041"
"sgd_012656","spa_00872","0.778532325786041"
"sgd_023549","spa_04723","0.778532325786041"
"sgd_021588","spa_03524","0.778532325786041"
"sgd_032512","spa_04780","0.778532325786041"
"sgd_055045","spa_06480","0.778532325786041"
"sgd_040750","spa_03045","0.778532325786041"
"sgd_047181","spa_02669","0.778532325786041"
"sgd_021452","spa_09236","0.778532325786041"
"sgd_012793","spa_08886","0.778532325786041"
"sgd_016616","spa_06878","0.778532325786041"
"sgd_015669","spa_09064","0.778532325786041"
"sgd_006497","spa_00955","0.778532325786041"
"sgd_017283","spa_00980","0.778532325786041"
"sgd_023549","spa_07860","0.778532325786041"
"sgd_032946","spa_08870","0.778532325786041"
"sgd_015796","spa_09285","0.778532325786041"
"sgd_032404","spa_02162","0.778532325786041"
"sgd_002296","spa_08913","0.778532325786041"
"sgd_046380","spa_05634","0.778532325786041"
"sgd_043492","spa_05732","0.778532325786041"
"sgd_044786","spa_04113","0.778532325786041"
"sgd_001224","spa_02968","0.778532325786041"
"sgd_015450","spa_05286","0.778532325786041"
"sgd_018238","spa_04597","0.778532325786041"
"sgd_001833","spa_00946","0.778532325786041"
"sgd_056526","spa_06781","0.778532325786041"
"sgd_033623","spa_04787","0.778532325786041"
"sgd_041341","spa_03746","0.778532325786041"
"sgd_001425","spa_03011","0.778532325786041"
"sgd_051349","spa_01877","0.778532325786041"
"sgd_027204","spa_02145","0.778532325786041"
"sgd_052798","spa_06603","0.778532325786041"
"sgd_021692","spa_05217","0.778532325786041"
"sgd_040122","spa_02432","0.778532325786041"
"sgd_040159","spa_04202","0.778532325786041"
"sgd_023522","spa_09429","0.778532325786041"
"sgd_021341","spa_06591","0.778532325786041"
"sgd_003317","spa_02409","0.778532325786041"
"sgd_041856","spa_07399","0.778532325786041"
"sgd_026232","spa_00945","0.778532325786041"
"sgd_037955","spa_01320","0.778532325786041"
"sgd_041708","spa_05048","0.778532325786041"
"sgd_034165","spa_05376","0.778532325786041"
"sgd_019554","spa_06351","0.778532325786041"
"sgd_045323","spa_03612","0.778532325786041"
"sgd_018203","spa_01374","0.778532325786041"
"sgd_023530","spa_01490","0.778532325786041"
"sgd_003767","spa_02516","0.778532325786041"
"sgd_019745","spa_07419","0.778532325786041"
"sgd_054113","spa_06086","0.778532325786041"
"sgd_011323","spa_08425","0.778532325786041"
"sgd_046891","spa_07933","0.778532325786041"
"sgd_053630","spa_07666","0.778532325786041"
"sgd_025410","spa_09385","0.778532325786041"
"sgd_055449","spa_01729","0.778532325786041"
"sgd_028382","spa_02515","0.778532325786041"
"sgd_014894","spa_00777","0.778532325786041"
"sgd_039622","spa_00225","0.778532325786041"
"sgd_046083","spa_09545","0.778532325786041"
"sgd_055870","spa_02881","0.778532325786041"
"sgd_045710","spa_03616","0.778532325786041"
"sgd_006773","spa_08538","0.778532325786041"
"sgd_021273","spa_09867","0.778532325786041"
"sgd_021453","spa_09232","0.778532325786041"
"sgd_023505","spa_01489","0.778532325786041"
"sgd_028380","spa_02514","0.778532325786041"
"sgd_007620","spa_04093","0.778532325786041"
"sgd_005835","spa_07978","0.778532325786041"
"sgd_015138","spa_09947","0.778532325786041"
"sgd_020613","spa_03782","0.778532325786041"
"sgd_044333","spa_04486","0.778532325786041"
"sgd_023183","spa_07120","0.778532325786041"
"sgd_024698","spa_09180","0.778532325786041"
"sgd_044371","spa_07632","0.778532325786041"
"sgd_026100","spa_05516","0.778532325786041"
"sgd_052766","spa_00544","0.778532325786041"
"sgd_000731","spa_09501","0.778532325786041"
"sgd_032581","spa_03862","0.778532325786041"
"sgd_001421","spa_03010","0.778532325786041"
"sgd_042393","spa_08434","0.778532325786041"
"sgd_019856","spa_06083","0.778532325786041"
"sgd_029949","spa_04184","0.778532325786041"
"sgd_016909","spa_01169","0.778532325786041"
"sgd_002085","spa_09514","0.778532325786041"
"sgd_050711","spa_04213","0.778532325786041"
"sgd_007704","spa_06959","0.778532325786041"
"sgd_042502","spa_05446","0.778532325786041"
"sgd_053032","spa_03185","0.778532325786041"
"sgd_003048","spa_06238","0.778532325786041"
"sgd_009328","spa_02183","0.778532325786041"
"sgd_029269","spa_07688","0.778532325786041"
"sgd_011384","spa_08427","0.778532325786041"
"sgd_009907","spa_08412","0.778532325786041"
"sgd_041794","spa_00970","0.778532325786041"
"sgd_011902","spa_00512","0.778532325786041"
"sgd_021365","spa_04835","0.778532325786041"
"sgd_017751","spa_06164","0.778532325786041"
"sgd_026728","spa_02597","0.778532325786041"
"sgd_030732","spa_08670","0.778532325786041"
"sgd_018481","spa_08978","0.778532325786041"
"sgd_045971","spa_07088","0.778532325786041"
"sgd_053997","spa_07418","0.778532325786041"
"sgd_040650","spa_04278","0.778532325786041"
"sgd_039150","spa_04893","0.778532325786041"
"sgd_023966","spa_04785","0.778532325786041"
"sgd_012244","spa_02061","0.778532325786041"
"sgd_003976","spa_01448","0.778532325786041"
"sgd_048199","spa_07525","0.778532325786041"
"sgd_005073","spa_00083","0.778532325786041"
"sgd_023480","spa_04728","0.778532325786041"
"sgd_004909","spa_02524","0.778532325786041"
"sgd_018254","spa_00982","0.778532325786041"
"sgd_040260","spa_00719","0.778532325786041"
"sgd_002330","spa_05774","0.778532325786041"
"sgd_017303","spa_07313","0.778532325786041"
"sgd_014664","spa_08635","0.778532325786041"
"sgd_048126","spa_09290","0.778532325786041"
"sgd_016299","spa_09546","0.778532325786041"
"sgd_023498","spa_04714","0.778532325786041"
"sgd_051037","spa_08994","0.778532325786041"
"sgd_023549","spa_01472","0.778532325786041"
"sgd_021421","spa_07677","0.778532325786041"
"sgd_040788","spa_04544","0.778532325786041"
"sgd_039444","spa_05877","0.778532325786041"
"sgd_056288","spa_02886","0.778532325786041"
"sgd_049056","spa_09296","0.778532325786041"
"sgd_000517","spa_01469","0.778532325786041"
"sgd_050927","spa_04590","0.778532325786041"
"sgd_020207","spa_07067","0.778532325786041"
"sgd_027267","spa_08668","0.778532325786041"
"sgd_024802","spa_06040","0.778532325786041"
"sgd_040284","spa_06368","0.778532325786041"
"sgd_054694","spa_01573","0.778532325786041"
"sgd_018211","spa_09318","0.778532325786041"
"sgd_057070","spa_04353","0.778532325786041"
"sgd_049032","spa_02921","0.778532325786041"
"sgd_016549","spa_07006","0.778532325786041"
"sgd_042318","spa_00517","0.778532325786041"
"sgd_019838","spa_02872","0.778532325786041"
"sgd_000379","spa_05562","0.778532325786041"
"sgd_019351","spa_00626","0.778532325786041"
"sgd_056096","spa_06592","0.778532325786041"
"sgd_049686","spa_07739","0.778532325786041"
"sgd_007033","spa_07351","0.778532325786041"
"sgd_004830","spa_02465","0.778532325786041"
"sgd_023530","spa_04741","0.778532325786041"
"sgd_045687","spa_06865","0.778532325786041"
"sgd_002072","spa_08741","0.778532325786041"
"sgd_006302","spa_02422","0.778532325786041"
"sgd_040755","spa_01324","0.778532325786041"
"sgd_023503","spa_03058","0.778532325786041"
"sgd_049822","spa_06162","0.778532325786041"
"sgd_006698","spa_09253","0.778532325786041"
"sgd_053702","spa_05206","0.778532325786041"
"sgd_057053","spa_01133","0.778532325786041"
"sgd_019143","spa_02257","0.778532325786041"
"sgd_005263","spa_08866","0.778532325786041"
"sgd_025426","spa_06224","0.778532325786041"
"sgd_000752","spa_02123","0.778532325786041"
"sgd_028936","spa_03141","0.778532325786041"
"sgd_054600","spa_03969","0.778532325786041"
"sgd_005951","spa_03704","0.778532325786041"
"sgd_013301","spa_07368","0.778532325786041"
"sgd_023505","spa_03059","0.778532325786041"
"sgd_051844","spa_06184","0.778532325786041"
"sgd_039896","spa_00866","0.778532325786041"
"sgd_008340","spa_08573","0.778532325786041"
"sgd_057053","spa_01134","0.778532325786041"
"sgd_030230","spa_00604","0.778532325786041"
"sgd_000440","spa_07121","0.778532325786041"
"sgd_048082","spa_08391","0.778532325786041"
"sgd_044578","spa_05648","0.778532325786041"
"sgd_019545","spa_09214","0.778532325786041"
"sgd_018269","spa_05742","0.778532325786041"
"sgd_019840","spa_01302","0.778532325786041"
"sgd_034650","spa_09255","0.778532325786041"
"sgd_010835","spa_08963","0.778532325786041"
"sgd_050800","spa_05539","0.778532325786041"
"sgd_033748","spa_01457","0.778532325786041"
"sgd_031652","spa_05782","0.778532325786041"
"sgd_027267","spa_05520","0.778532325786041"
"sgd_019592","spa_04836","0.778532325786041"
"sgd_005384","spa_07445","0.778532325786041"
"sgd_006699","spa_09252","0.778532325786041"
"sgd_056279","spa_02890","0.778532325786041"
"sgd_012223","spa_06391","0.778532325786041"
"sgd_042331","spa_05259","0.778532325786041"
"sgd_035631","spa_08933","0.778532325786041"
"sgd_023545","spa_06287","0.778532325786041"
"sgd_033362","spa_07694","0.778532325786041"
"sgd_025401","spa_01435","0.778532325786041"
"sgd_025389","spa_06222","0.778532325786041"
"sgd_012963","spa_06846","0.778532325786041"
"sgd_057435","spa_03528","0.778532325786041"
"sgd_039183","spa_04711","0.778532325786041"
"sgd_000976","spa_04010","0.778532325786041"
"sgd_002318","spa_00847","0.778532325786041"
"sgd_033238","spa_05868","0.778532325786041"
"sgd_049810","spa_01362","0.778532325786041"
"sgd_033807","spa_01461","0.778532325786041"
"sgd_019527","spa_06078","0.778532325786041"
"sgd_051030","spa_08993","0.778532325786041"
"sgd_043025","spa_04208","0.778532325786041"
"sgd_012255","spa_05728","0.778532325786041"
"sgd_011367","spa_02050","0.778532325786041"
"sgd_026312","spa_09505","0.778532325786041"
"sgd_031143","spa_01041","0.778532325786041"
"sgd_019834","spa_02870","0.778532325786041"
"sgd_015997","spa_02091","0.778532325786041"
"sgd_054138","spa_02871","0.778532325786041"
"sgd_033743","spa_07701","0.778532325786041"
"sgd_032051","spa_03702","0.778532325786041"
"sgd_001567","spa_01436","0.778532325786041"
"sgd_042380","spa_05260","0.778532325786041"
"sgd_039940","spa_00867","0.778532325786041"
"sgd_053655","spa_01293","0.778532325786041"
"sgd_018197","spa_04593","0.778532325786041"
"sgd_022362","spa_04941","0.778532325786041"
"sgd_006704","spa_01462","0.778532325786041"
"sgd_001734","spa_08666","0.778532325786041"
"sgd_021427","spa_04392","0.778532325786041"
"sgd_035684","spa_05790","0.778532325786041"
"sgd_018230","spa_07754","0.778532325786041"
"sgd_018185","spa_01373","0.778532325786041"
"sgd_057205","spa_04393","0.778532325786041"
"sgd_021447","spa_02888","0.778532325786041"
"sgd_006691","spa_06113","0.778532325786041"
"sgd_016820","spa_04586","0.778532325786041"
"sgd_003822","spa_06458","0.778532325786041"
"sgd_057274","spa_03995","0.778532325786041"
"sgd_037843","spa_08406","0.778532325786041"
"sgd_010084","spa_03894","0.778532325786041"
"sgd_047075","spa_00399","0.778532325786041"
"sgd_050165","spa_08311","0.778532325786041"
"sgd_006594","spa_03029","0.778532325786041"
"sgd_042411","spa_08883","0.778532325786041"
"sgd_056105","spa_04960","0.778532325786041"
"sgd_024053","spa_04801","0.778532325786041"
"sgd_000910","spa_05766","0.778532325786041"
"sgd_034703","spa_06118","0.778532325786041"
"sgd_017379","spa_05740","0.778532325786041"
"sgd_033755","spa_04529","0.778532325786041"
"sgd_039445","spa_05878","0.778532325786041"
"sgd_053977","spa_08990","0.778532325786041"
"sgd_012457","spa_04549","0.778532325786041"
"sgd_048122","spa_04567","0.778532325786041"
"sgd_007661","spa_08934","0.778532325786041"
"sgd_051352","spa_09741","0.778532325786041"
"sgd_009435","spa_05794","0.778532325786041"
"sgd_020476","spa_06399","0.778532325786041"
"sgd_015819","spa_02909","0.778532325786041"
"sgd_018187","spa_01372","0.778532325786041"
"sgd_024087","spa_08480","0.778532325786041"
"sgd_031090","spa_08815","0.778532325786041"
"sgd_024712","spa_07618","0.778532325786041"
"sgd_018151","spa_04594","0.778532325786041"
"sgd_004412","spa_00603","0.778532325786041"
"sgd_023537","spa_06273","0.778532325786041"
"sgd_046561","spa_02327","0.778532325786041"
"sgd_003265","spa_07174","0.778532325786041"
"sgd_041653","spa_02231","0.778532325786041"
"sgd_036907","spa_00081","0.778532325786041"
"sgd_048526","spa_01564","0.778532325786041"
"sgd_042450","spa_02542","0.778532325786041"
"sgd_047181","spa_02670","0.778532325786041"
"sgd_052782","spa_05458","0.778532325786041"
"sgd_011880","spa_00799","0.778532325786041"
"sgd_049336","spa_08597","0.778532325786041"
"sgd_043721","spa_08781","0.778532325786041"
"sgd_018165","spa_06167","0.778532325786041"
"sgd_026760","spa_02583","0.778532325786041"
"sgd_053650","spa_01292","0.778532325786041"
"sgd_033449","spa_01454","0.778532325786041"
"sgd_004003","spa_07687","0.778532325786041"
"sgd_052987","spa_08614","0.778532325786041"
"sgd_042669","spa_05729","0.778532325786041"
"sgd_050759","spa_05538","0.778532325786041"
"sgd_031152","spa_07388","0.778532325786041"
"sgd_029571","spa_02518","0.778532325786041"
"sgd_051985","spa_08682","0.778532325786041"
"sgd_043716","spa_00725","0.778532325786041"
"sgd_018668","spa_07094","0.778532325786041"
"sgd_023500","spa_06282","0.778532325786041"
"sgd_049738","spa_04580","0.778532325786041"
"sgd_029788","spa_03512","0.778532325786041"
"sgd_016777","spa_06161","0.778532325786041"
"sgd_016576","spa_02249","0.778532325786041"
"sgd_028060","spa_06249","0.778532325786041"
"sgd_020598","spa_00551","0.778532325786041"
"sgd_018956","spa_00176","0.778532325786041"
"sgd_041745","spa_00968","0.778532325786041"
"sgd_025442","spa_01432","0.778532325786041"
"sgd_033965","spa_01896","0.778532325786041"
"sgd_029570","spa_02518","0.778532325786041"
"sgd_039710","spa_02037","0.778532325786041"
"sgd_032801","spa_07183","0.778532325786041"
"sgd_000932","spa_07326","0.778532325786041"
"sgd_026427","spa_02510","0.778532325786041"
"sgd_003215","spa_06248","0.778532325786041"
"sgd_025350","spa_04659","0.778532325786041"
"sgd_003084","spa_04667","0.778532325786041"
"sgd_016684","spa_05451","0.778532325786041"
"sgd_056274","spa_06098","0.778532325786041"
"sgd_033445","spa_06264","0.778532325786041"
"sgd_017114","spa_08312","0.778532325786041"
"sgd_052399","spa_05456","0.778532325786041"
"sgd_054136","spa_09223","0.778532325786041"
"sgd_039382","spa_08879","0.778532325786041"
"sgd_043358","spa_04105","0.778532325786041"
"sgd_031416","spa_09417","0.778532325786041"
"sgd_033809","spa_01463","0.778532325786041"
"sgd_030947","spa_04187","0.778532325786041"
"sgd_039264","spa_05436","0.778532325786041"
"sgd_023498","spa_03057","0.778532325786041"
"sgd_008501","spa_03203","0.778532325786041"
"sgd_025376","spa_07822","0.778532325786041"
"sgd_048241","spa_08466","0.778532325786041"
"sgd_028276","spa_02146","0.778532325786041"
"sgd_042942","spa_06127","0.778532325786041"
"sgd_039598","spa_08281","0.778532325786041"
"sgd_023490","spa_09428","0.778532325786041"
"sgd_042330","spa_02060","0.778532325786041"
"sgd_051180","spa_05743","0.778532325786041"
"sgd_051178","spa_08900","0.778532325786041"
"sgd_035248","spa_05382","0.778532325786041"
"sgd_040264","spa_04804","0.778532325786041"
"sgd_004862","spa_02603","0.778532325786041"
"sgd_052851","spa_00445","0.778532325786041"
"sgd_003203","spa_01444","0.778532325786041"
"sgd_049876","spa_08975","0.778532325786041"
"sgd_033402","spa_07696","0.778532325786041"
"sgd_048460","spa_01868","0.778532325786041"
"sgd_004207","spa_08195","0.778532325786041"
"sgd_006023","spa_06262","0.778532325786041"
"sgd_013036","spa_03158","0.778532325786041"
"sgd_001407","spa_03008","0.778532325786041"
"sgd_012971","spa_05269","0.778532325786041"
"sgd_039829","spa_08936","0.778532325786041"
"sgd_056703","spa_05216","0.778532325786041"
"sgd_029000","spa_00132","0.778532325786041"
"sgd_015828","spa_01339","0.778532325786041"
"sgd_001958","spa_02511","0.778532325786041"
"sgd_018621","spa_03837","0.778532325786041"
"sgd_020480","spa_00303","0.778532325786041"
"sgd_014059","spa_08455","0.778532325786041"
"sgd_057179","spa_08991","0.778532325786041"
"sgd_003201","spa_09400","0.778532325786041"
"sgd_045810","spa_05523","0.778532325786041"
"sgd_005250","spa_00954","0.778532325786041"
"sgd_033448","spa_03030","0.778532325786041"
"sgd_052767","spa_03763","0.778532325786041"
"sgd_045945","spa_05525","0.778532325786041"
"sgd_048127","spa_06142","0.778532325786041"
"sgd_056261","spa_04391","0.778532325786041"
"sgd_031935","spa_03701","0.778532325786041"
"sgd_032388","spa_00462","0.778532325786041"
"sgd_043101","spa_08589","0.778532325786041"
"sgd_053648","spa_01291","0.778532325786041"
"sgd_031133","spa_02601","0.778532325786041"
"sgd_006753","spa_03713","0.778532325786041"
"sgd_034917","spa_04092","0.778532325786041"
"sgd_026648","spa_03151","0.778532325786041"
"sgd_018152","spa_04599","0.778532325786041"
"sgd_021136","spa_09228","0.778532325786041"
"sgd_025368","spa_03012","0.778532325786041"
"sgd_017289","spa_01561","0.778532325786041"
"sgd_023497","spa_03054","0.778532325786041"
"sgd_041369","spa_05408","0.778532325786041"
"sgd_053647","spa_01291","0.778532325786041"
"sgd_046461","spa_00732","0.778532325786041"
"sgd_050931","spa_06166","0.778532325786041"
"sgd_027040","spa_05772","0.778532325786041"
"sgd_001821","spa_04177","0.778532325786041"
"sgd_002332","spa_08915","0.778532325786041"
"sgd_003081","spa_04668","0.778532325786041"
"sgd_021135","spa_09226","0.778532325786041"
"sgd_024028","spa_09501","0.778532325786041"
"sgd_016979","spa_07222","0.778532325786041"
"sgd_045674","spa_05282","0.778532325786041"
"sgd_010216","spa_06686","0.778532325786041"
"sgd_013204","spa_00727","0.778532325786041"
"sgd_024712","spa_06041","0.778532325786041"
"sgd_004188","spa_06600","0.778532325786041"
"sgd_023512","spa_07868","0.778532325786041"
"sgd_044328","spa_04488","0.778532325786041"
"sgd_003372","spa_08508","0.778532325786041"
"sgd_012231","spa_03602","0.778532325786041"
"sgd_030867","spa_02523","0.778532325786041"
"sgd_019844","spa_07670","0.778532325786041"
"sgd_010078","spa_08581","0.778532325786041"
"sgd_033445","spa_07697","0.778532325786041"
"sgd_050980","spa_02945","0.778532325786041"
"sgd_041054","spa_00967","0.778532325786041"
"sgd_040970","spa_00966","0.778532325786041"
"sgd_049008","spa_04571","0.778532325786041"
"sgd_016767","spa_07745","0.778532325786041"
"sgd_019599","spa_00298","0.778532325786041"
"sgd_046098","spa_00395","0.778532325786041"
"sgd_025695","spa_06234","0.778532325786041"
"sgd_033648","spa_08535","0.778532325786041"
"sgd_053654","spa_09214","0.778532325786041"
"sgd_047707","spa_03754","0.778532325786041"
"sgd_044871","spa_06498","0.778532325786041"
"sgd_023500","spa_01477","0.778532325786041"
"sgd_033481","spa_03028","0.778532325786041"
"sgd_022230","spa_06784","0.778532325786041"
"sgd_040971","spa_00966","0.778532325786041"
"sgd_044000","spa_08591","0.778532325786041"
"sgd_039844","spa_05795","0.778532325786041"
"sgd_016951","spa_02748","0.778532325786041"
"sgd_035283","spa_06955","0.778532325786041"
"sgd_047021","spa_00532","0.778532325786041"
"sgd_056026","spa_09866","0.778532325786041"
"sgd_033441","spa_07699","0.778532325786041"
"sgd_029011","spa_03209","0.778532325786041"
"sgd_029584","spa_05855","0.778532325786041"
"sgd_045457","spa_07311","0.778532325786041"
"sgd_027016","spa_00849","0.778532325786041"
"sgd_023497","spa_06283","0.778532325786041"
"sgd_031699","spa_02159","0.778532325786041"
"sgd_057349","spa_08021","0.778532325786041"
"sgd_000430","spa_00657","0.778532325786041"
"sgd_008660","spa_05803","0.778532325786041"
"sgd_025694","spa_06231","0.778532325786041"
"sgd_021292","spa_07989","0.778532325786041"
"sgd_055162","spa_00307","0.778532325786041"
"sgd_051316","spa_08094","0.778532325786041"
"sgd_051866","spa_07606","0.778532325786041"
"sgd_023485","spa_06272","0.778532325786041"
"sgd_018605","spa_02330","0.778532325786041"
"sgd_023522","spa_07878","0.778532325786041"
"sgd_018210","spa_06168","0.778532325786041"
"sgd_047969","spa_04563","0.778532325786041"
"sgd_052045","spa_01807","0.778532325786041"
"sgd_019885","spa_02869","0.778532325786041"
"sgd_028367","spa_05606","0.778532325786041"
"sgd_004531","spa_09610","0.778532325786041"
"sgd_000530","spa_04718","0.778532325786041"
"sgd_039968","spa_02431","0.778532325786041"
"sgd_030172","spa_03693","0.778532325786041"
"sgd_039376","spa_02538","0.778532325786041"
"sgd_054675","spa_06366","0.778532325786041"
"sgd_050918","spa_02944","0.778532325786041"
"sgd_049809","spa_01363","0.778532325786041"
"sgd_004123","spa_00950","0.778532325786041"
"sgd_047992","spa_02910","0.778532325786041"
"sgd_051157","spa_07315","0.778532325786041"
"sgd_048899","spa_09954","0.778532325786041"
"sgd_028528","spa_02319","0.778532325786041"
"sgd_017282","spa_05741","0.778532325786041"
"sgd_055057","spa_08063","0.778532325786041"
"sgd_032713","spa_05611","0.778532325786041"
"sgd_033775","spa_06115","0.778532325786041"
"sgd_006495","spa_04196","0.778532325786041"
"sgd_039558","spa_03446","0.778532325786041"
"sgd_028999","spa_04907","0.778532325786041"
"sgd_056286","spa_09234","0.778532325786041"
"sgd_002316","spa_07334","0.778532325786041"
"sgd_012049","spa_08431","0.778532325786041"
"sgd_023547","spa_09436","0.778532325786041"
"sgd_023545","spa_09434","0.778532325786041"
"sgd_000152","spa_03867","0.778532325786041"
"sgd_027522","spa_00700","0.778532325786041"
"sgd_007534","spa_00481","0.778532325786041"
"sgd_028360","spa_05605","0.778532325786041"
"sgd_016828","spa_06163","0.778532325786041"
"sgd_051881","spa_06183","0.778532325786041"
"sgd_026372","spa_06902","0.778532325786041"
"sgd_054122","spa_04376","0.778532325786041"
"sgd_000530","spa_06296","0.778532325786041"
"sgd_017049","spa_04118","0.778532325786041"
"sgd_048087","spa_01346","0.778532325786041"
"sgd_053621","spa_04521","0.778532325786041"
"sgd_006124","spa_02526","0.778532325786041"
"sgd_049745","spa_09304","0.778532325786041"
"sgd_006743","spa_05374","0.778532325786041"
"sgd_002458","spa_03675","0.778532325786041"
"sgd_051175","spa_08899","0.778532325786041"
"sgd_033352","spa_03027","0.778532325786041"
"sgd_041710","spa_00277","0.778532325786041"
"sgd_045665","spa_02087","0.778532325786041"
"sgd_015704","spa_01154","0.778532325786041"
"sgd_021445","spa_09235","0.778532325786041"
"sgd_022969","spa_05706","0.778532325786041"
"sgd_004124","spa_05854","0.778532325786041"
"sgd_053665","spa_07665","0.778532325786041"
"sgd_009322","spa_02184","0.778532325786041"
"sgd_003064","spa_09398","0.778532325786041"
"sgd_004904","spa_08955","0.778532325786041"
"sgd_047979","spa_01343","0.778532325786041"
"sgd_033440","spa_06266","0.778532325786041"
"sgd_016722","spa_07740","0.778532325786041"
"sgd_051158","spa_07315","0.778532325786041"
"sgd_044360","spa_07634","0.778532325786041"
"sgd_042695","spa_04206","0.778532325786041"
"sgd_052053","spa_05327","0.778532325786041"
"sgd_021426","spa_04389","0.778532325786041"
"sgd_023530","spa_01478","0.778532325786041"
"sgd_027915","spa_06239","0.778532325786041"
"sgd_020018","spa_04127","0.778532325786041"
"sgd_021431","spa_02885","0.778532325786041"
"sgd_043390","spa_05731","0.778532325786041"
"sgd_023500","spa_07882","0.778532325786041"
"sgd_022883","spa_04069","0.778532325786041"
"sgd_036579","spa_03346","0.778532325786041"
"sgd_002896","spa_03678","0.778532325786041"
"sgd_047833","spa_05915","0.778532325786041"
"sgd_021456","spa_07679","0.778532325786041"
"sgd_052789","spa_01839","0.778532325786041"
"sgd_031125","spa_04267","0.778532325786041"
"sgd_023530","spa_01479","0.778532325786041"
"sgd_054796","spa_00304","0.778532325786041"
"sgd_023530","spa_09435","0.778532325786041"
"sgd_045980","spa_07087","0.778532325786041"
"sgd_010245","spa_03738","0.778532325786041"
"sgd_056516","spa_02006","0.778532325786041"
"sgd_000521","spa_04722","0.778532325786041"
"sgd_027054","spa_08916","0.778532325786041"
"sgd_027071","spa_08499","0.778532325786041"
"sgd_053611","spa_02860","0.778532325786041"
"sgd_029613","spa_07439","0.778532325786041"
"sgd_017290","spa_04214","0.778532325786041"
"sgd_025740","spa_09388","0.778532325786041"
"sgd_012236","spa_06392","0.778532325786041"
"sgd_041776","spa_00969","0.778532325786041"
"sgd_046809","spa_00778","0.778532325786041"
"sgd_053664","spa_01294","0.778532325786041"
"sgd_023490","spa_06286","0.778532325786041"
"sgd_015948","spa_02092","0.778532325786041"
"sgd_016576","spa_03756","0.778532325786041"
"sgd_020447","spa_00302","0.778532325786041"
"sgd_028367","spa_02411","0.778532325786041"
"sgd_031669","spa_07343","0.778532325786041"
"sgd_040601","spa_03139","0.778532325786041"
"sgd_040749","spa_01326","0.778532325786041"
"sgd_006039","spa_07692","0.778532325786041"
"sgd_011269","spa_02048","0.778532325786041"
"sgd_011263","spa_06978","0.778532325786041"
"sgd_025354","spa_09386","0.778532325786041"
"sgd_016946","spa_09096","0.778532325786041"
"sgd_011353","spa_02049","0.778532325786041"
"sgd_030123","spa_06936","0.778532325786041"
"sgd_024733","spa_01248","0.778532325786041"
"sgd_037213","spa_02610","0.778532325786041"
"sgd_036379","spa_07188","0.778532325786041"
"sgd_025425","spa_07820","0.778532325786041"
"sgd_015650","spa_05914","0.778532325786041"
"sgd_042622","spa_08884","0.778532325786041"
"sgd_053297","spa_08688","0.778532325786041"
"sgd_018116","spa_09315","0.778532325786041"
"sgd_040842","spa_07719","0.778532325786041"
"sgd_049720","spa_04581","0.778532325786041"
"sgd_047369","spa_00400","0.778532325786041"
"sgd_050824","spa_03633","0.778532325786041"
"sgd_037991","spa_04541","0.778532325786041"
"sgd_051223","spa_07317","0.778532325786041"
"sgd_023485","spa_07857","0.778532325786041"
"sgd_017588","spa_05540","0.778532325786041"
"sgd_015813","spa_04562","0.778532325786041"
"sgd_008687","spa_07393","0.778532325786041"
"sgd_049727","spa_06160","0.778532325786041"
"sgd_056923","spa_03982","0.778532325786041"
"sgd_051303","spa_05094","0.778532325786041"
"sgd_015885","spa_07732","0.778532325786041"
"sgd_013311","spa_07369","0.778532325786041"
"sgd_047939","spa_06141","0.778532325786041"
"sgd_034716","spa_07704","0.778532325786041"
"sgd_041321","spa_02046","0.778532325786041"
"sgd_028606","spa_00764","0.778532325786041"
"sgd_015812","spa_04562","0.778532325786041"
"sgd_007029","spa_05786","0.778532325786041"
"sgd_016114","spa_05651","0.778532325786041"
"sgd_003292","spa_02410","0.778532325786041"
"sgd_033573","spa_02527","0.778532325786041"
"sgd_047974","spa_09287","0.778532325786041"
"sgd_016733","spa_01361","0.778532325786041"
"sgd_023503","spa_07883","0.778532325786041"
"sgd_016400","spa_09291","0.778532325786041"
"sgd_024231","spa_00106","0.778532325786041"
"sgd_018117","spa_09317","0.778532325786041"
"sgd_000530","spa_04737","0.778532325786041"
"sgd_051381","spa_08730","0.778532325786041"
"sgd_020818","spa_03515","0.778532325786041"
"sgd_048444","spa_03385","0.778532325786041"
"sgd_012684","spa_05730","0.778532325786041"
"sgd_046465","spa_08634","0.778532325786041"
"sgd_048969","spa_02442","0.778532325786041"
"sgd_037980","spa_03037","0.778532325786041"
"sgd_042892","spa_01331","0.778532325786041"
"sgd_023485","spa_07858","0.778532325786041"
"sgd_051850","spa_07607","0.778532325786041"
"sgd_051878","spa_06181","0.778532325786041"
"sgd_025409","spa_03007","0.778532325786041"
"sgd_043757","spa_07194","0.778532325786041"
"sgd_000530","spa_04738","0.778532325786041"
"sgd_033003","spa_04195","0.778532325786041"
"sgd_041679","spa_00276","0.778532325786041"
"sgd_045307","spa_02082","0.778532325786041"
"sgd_042854","spa_02893","0.778532325786041"
"sgd_037384","spa_06963","0.778532325786041"
"sgd_050309","spa_03631","0.778532325786041"
"sgd_050047","spa_01168","0.778532325786041"
"sgd_006081","spa_07447","0.778532325786041"
"sgd_007243","spa_04532","0.778532325786041"
"sgd_023527","spa_06293","0.778532325786041"
"sgd_005023","spa_07444","0.778532325786041"
"sgd_033781","spa_06267","0.778532325786041"
"sgd_041165","spa_02614","0.778532325786041"
"sgd_023490","spa_09433","0.778532325786041"
"sgd_023545","spa_06274","0.778532325786041"
"sgd_025026","spa_00689","0.778532325786041"
"sgd_015467","spa_09949","0.778532325786041"
"sgd_056745","spa_06546","0.778532325786041"
"sgd_017219","spa_08317","0.778532325786041"
"sgd_032600","spa_03861","0.778532325786041"
"sgd_006708","spa_06114","0.778532325786041"
"sgd_052291","spa_09749","0.778532325786041"
"sgd_021211","spa_04385","0.778532325786041"
"sgd_023527","spa_06294","0.778532325786041"
"sgd_003767","spa_09011","0.778532325786041"
"sgd_019867","spa_02873","0.778532325786041"
"sgd_011888","spa_08708","0.778532325786041"
"sgd_013183","spa_02282","0.778532325786041"
"sgd_026242","spa_04176","0.778532325786041"
"sgd_012121","spa_00613","0.778532325786041"
"sgd_006320","spa_08766","0.778532325786041"
"sgd_037160","spa_02609","0.778532325786041"
"sgd_045720","spa_06557","0.778532325786041"
"sgd_043813","spa_03938","0.778532325786041"
"sgd_004301","spa_05859","0.778532325786041"
"sgd_033462","spa_04527","0.778532325786041"
"sgd_029392","spa_08952","0.778532325786041"
"sgd_021975","spa_02644","0.778532325786041"
"sgd_030818","spa_00772","0.778532325786041"
"sgd_010551","spa_02449","0.778532325786041"
"sgd_018627","spa_02955","0.778532325786041"
"sgd_001796","spa_02509","0.778532325786041"
"sgd_000517","spa_07859","0.778532325786041"
"sgd_029656","spa_05857","0.778532325786041"
"sgd_033812","spa_01464","0.778532325786041"
"sgd_050084","spa_00884","0.778532325786041"
"sgd_029657","spa_05856","0.778532325786041"
"sgd_020171","spa_08366","0.778532325786041"
"sgd_031641","spa_04084","0.778532325786041"
"sgd_014592","spa_02287","0.778532325786041"
"sgd_024990","spa_09516","0.778532325786041"
"sgd_018807","spa_09975","0.778532325786041"
"sgd_056049","spa_08371","0.778532325786041"
"sgd_051846","spa_01386","0.778532325786041"
"sgd_055447","spa_03423","0.778532325786041"
"sgd_052656","spa_06035","0.778532325786041"
"sgd_047227","spa_07203","0.778532325786041"
"sgd_023478","spa_07861","0.778532325786041"
"sgd_046092","spa_03618","0.778532325786041"
"sgd_022011","spa_09245","0.778532325786041"
"sgd_038800","spa_08578","0.778532325786041"
"sgd_049137","spa_09956","0.778532325786041"
"sgd_053748","spa_08359","0.778532325786041"
"sgd_052795","spa_00286","0.778532325786041"
"sgd_034722","spa_01311","0.778532325786041"
"sgd_037742","spa_05875","0.778532325786041"
"sgd_033222","spa_07293","0.778532325786041"
"sgd_010885","spa_04546","0.778532325786041"
"sgd_031621","spa_05802","0.778532325786041"
"sgd_015950","spa_05294","0.778532325786041"
"sgd_006649","spa_04197","0.778532325786041"
"sgd_039561","spa_00226","0.778532325786041"
"sgd_049028","spa_01352","0.778532325786041"
"sgd_023500","spa_04739","0.778532325786041"
"sgd_020432","spa_08367","0.778532325786041"
"sgd_051845","spa_01387","0.778532325786041"
"sgd_002922","spa_00591","0.778532325786041"
"sgd_012110","spa_07086","0.778532325786041"
"sgd_056646","spa_04249","0.778532325786041"
"sgd_000499","spa_07161","0.778532325786041"
"sgd_034127","spa_03719","0.778532325786041"
"sgd_047747","spa_09534","0.778532325786041"
"sgd_033434","spa_01451","0.778532325786041"
"sgd_045472","spa_04211","0.778532325786041"
"sgd_000521","spa_07867","0.778532325786041"
"sgd_051037","spa_05838","0.778532325786041"
"sgd_005023","spa_05863","0.778532325786041"
"sgd_033479","spa_01453","0.778532325786041"
"sgd_043735","spa_08782","0.778532325786041"
"sgd_029520","spa_05853","0.778532325786041"
"sgd_011698","spa_07305","0.778532325786041"
"sgd_006321","spa_08766","0.778532325786041"
"sgd_048209","spa_03628","0.778532325786041"
"sgd_023485","spa_09437","0.778532325786041"
"sgd_051891","spa_07605","0.778532325786041"
"sgd_027199","spa_00588","0.778532325786041"
"sgd_055145","spa_08369","0.778532325786041"
"sgd_003050","spa_06241","0.778532325786041"
"sgd_006704","spa_04530","0.778532325786041"
"sgd_023522","spa_06292","0.778532325786041"
"sgd_057101","spa_00905","0.778532325786041"
"sgd_023497","spa_09425","0.778532325786041"
"sgd_005918","spa_00855","0.778532325786041"
"sgd_047683","spa_08594","0.778532325786041"
"sgd_031616","spa_08957","0.778532325786041"
"sgd_043108","spa_08587","0.778532325786041"
"sgd_056545","spa_04838","0.778532325786041"
"sgd_053337","spa_08687","0.778532325786041"
"sgd_006270","spa_05610","0.778532325786041"
"sgd_011729","spa_05621","0.778532325786041"
"sgd_018921","spa_09746","0.778532325786041"
"sgd_048117","spa_01345","0.778532325786041"
"sgd_023522","spa_04725","0.778532325786041"
"sgd_023507","spa_09426","0.778532325786041"
"sgd_005272","spa_05365","0.778532325786041"
"sgd_034776","spa_06119","0.778532325786041"
"sgd_039299","spa_05438","0.778532325786041"
"sgd_023512","spa_04735","0.778532325786041"
"sgd_017177","spa_06879","0.778532325786041"
"sgd_047194","spa_02671","0.778532325786041"
"sgd_017781","spa_04589","0.778532325786041"
"sgd_025721","spa_06228","0.778532325786041"
"sgd_039255","spa_05437","0.778532325786041"
"sgd_049889","spa_08976","0.778532325786041"
"sgd_056155","spa_00447","0.778532325786041"
"sgd_015699","spa_04222","0.778532325786041"
"sgd_024698","spa_01246","0.778532325786041"
"sgd_051409","spa_05820","0.778532325786041"
"sgd_038042","spa_03039","0.778532325786041"
"sgd_052569","spa_07464","0.778532325786041"
"sgd_057450","spa_03527","0.778532325786041"
"sgd_024693","spa_07621","0.778532325786041"
"sgd_018126","spa_04598","0.778532325786041"
"sgd_010000","spa_04712","0.778532325786041"
"sgd_023522","spa_04724","0.778532325786041"
"sgd_047971","spa_04564","0.778532325786041"
"sgd_032062","spa_06943","0.778532325786041"
"sgd_018601","spa_08680","0.778532325786041"
"sgd_022882","spa_08906","0.778532325786041"
"sgd_047967","spa_01340","0.778532325786041"
"sgd_026596","spa_05517","0.778532325786041"
"sgd_053390","spa_02857","0.778532325786041"
"sgd_052791","spa_05054","0.778532325786041"
"sgd_015844","spa_02912","0.778532325786041"
"sgd_023478","spa_01481","0.778532325786041"
"sgd_021866","spa_02701","0.778532325786041"
"sgd_050857","spa_02095","0.778532325786041"
"sgd_027031","spa_02567","0.778532325786041"
"sgd_039406","spa_02539","0.778532325786041"
"sgd_053838","spa_06775","0.778532325786041"
"sgd_010110","spa_02537","0.778532325786041"
"sgd_029274","spa_06257","0.778532325786041"
"sgd_037654","spa_05874","0.778532325786041"
"sgd_051979","spa_05527","0.778532325786041"
"sgd_034686","spa_04536","0.778532325786041"
"sgd_049055","spa_04568","0.778532325786041"
"sgd_014901","spa_07270","0.778532325786041"
"sgd_048476","spa_01867","0.778532325786041"
"sgd_040741","spa_09271","0.778532325786041"
"sgd_053568","spa_09209","0.778532325786041"
"sgd_041152","spa_08818","0.778532325786041"
"sgd_051867","spa_09325","0.778532325786041"
"sgd_040736","spa_03043","0.778532325786041"
"sgd_051975","spa_09525","0.778532325786041"
"sgd_000413","spa_03870","0.778532325786041"
"sgd_007681","spa_06958","0.778532325786041"
"sgd_001202","spa_06039","0.778532325786041"
"sgd_001408","spa_01434","0.778532325786041"
"sgd_056265","spa_06097","0.778532325786041"
"sgd_050469","spa_08471","0.778532325786041"
"sgd_024053","spa_02402","0.778532325786041"
"sgd_020359","spa_05211","0.778532325786041"
"sgd_044376","spa_09190","0.778532325786041"
"sgd_023512","spa_04734","0.778532325786041"
"sgd_015886","spa_02915","0.778532325786041"
"sgd_006595","spa_06263","0.778532325786041"
"sgd_025831","spa_08562","0.778532325786041"
"sgd_018747","spa_01960","0.778532325786041"
"sgd_029792","spa_00274","0.778532325786041"
"sgd_012772","spa_00971","0.778532325786041"
"sgd_052990","spa_06513","0.778532325786041"
"sgd_018166","spa_04595","0.778532325786041"
"sgd_052320","spa_08603","0.778532325786041"
"sgd_012454","spa_04550","0.778532325786041"
"sgd_009545","spa_08409","0.778532325786041"
"sgd_016401","spa_06146","0.778532325786041"
"sgd_020974","spa_00199","0.778532325786041"
"sgd_050047","spa_01167","0.778532325786041"
"sgd_047941","spa_06137","0.778532325786041"
"sgd_040836","spa_06125","0.778532325786041"
"sgd_017342","spa_03142","0.778532325786041"
"sgd_040052","spa_02433","0.778532325786041"
"sgd_015611","spa_06378","0.778532325786041"
"sgd_015643","spa_07972","0.778532325786041"
"sgd_006327","spa_00711","0.778532325786041"
"sgd_006591","spa_03031","0.778532325786041"
"sgd_048980","spa_00882","0.778532325786041"
"sgd_053651","spa_04522","0.778532325786041"
"sgd_003762","spa_07436","0.778532325786041"
"sgd_029030","spa_00131","0.778532325786041"
"sgd_000524","spa_06295","0.778532325786041"
"sgd_053275","spa_02333","0.778532325786041"
"sgd_016502","spa_09561","0.778532325786041"
"sgd_039907","spa_08937","0.778532325786041"
"sgd_050918","spa_09309","0.778532325786041"
"sgd_025979","spa_02131","0.778532325786041"
"sgd_006035","spa_04681","0.778532325786041"
"sgd_017764","spa_02941","0.778532325786041"
"sgd_037634","spa_07299","0.778532325786041"
"sgd_045457","spa_02552","0.778532325786041"
"sgd_023220","spa_03868","0.778532325786041"
"sgd_039631","spa_08280","0.778532325786041"
"sgd_015821","spa_04560","0.778532325786041"
"sgd_007096","spa_07083","0.778532325786041"
"sgd_051270","spa_05644","0.778532325786041"
"sgd_037636","spa_07298","0.778532325786041"
"sgd_042091","spa_08674","0.778532325786041"
"sgd_015982","spa_08465","0.778532325786041"
"sgd_035611","spa_04094","0.778532325786041"
"sgd_002497","spa_02144","0.778532325786041"
"sgd_000530","spa_04729","0.778532325786041"
"sgd_033782","spa_07702","0.778532325786041"
"sgd_022989","spa_02349","0.778532325786041"
"sgd_015884","spa_02914","0.778532325786041"
"sgd_049779","spa_07744","0.778532325786041"
"sgd_040059","spa_05798","0.778532325786041"
"sgd_048182","spa_04777","0.778532325786041"
"sgd_017827","spa_07423","0.778532325786041"
"sgd_024734","spa_04470","0.778532325786041"
"sgd_025352","spa_01431","0.778532325786041"
"sgd_019875","spa_06084","0.778532325786041"
"sgd_055858","spa_06095","0.778532325786041"
"sgd_048983","spa_05653","0.778532325786041"
"sgd_019363","spa_07095","0.778532325786041"
"sgd_010013","spa_04893","0.778532325786041"
"sgd_052726","spa_07009","0.778532325786041"
"sgd_018221","spa_01371","0.778532325786041"
"sgd_048905","spa_03629","0.778532325786041"
"sgd_008701","spa_04273","0.778532325786041"
"sgd_052700","spa_02256","0.778532325786041"
"sgd_042506","spa_07970","0.778532325786041"
"sgd_053385","spa_01286","0.778532325786041"
"sgd_000524","spa_04715","0.778532325786041"
"sgd_003458","spa_06925","0.778532325786041"
"sgd_022349","spa_03239","0.778532325786041"
"sgd_031197","spa_05801","0.778532325786041"
"sgd_056171","spa_01989","0.778532325786041"
"sgd_010909","spa_07717","0.778532325786041"
"sgd_018882","spa_00177","0.778532325786041"
"sgd_003053","spa_09397","0.778532325786041"
"sgd_023505","spa_04740","0.778532325786041"
"sgd_053829","spa_01996","0.778532325786041"
"sgd_015802","spa_06138","0.778532325786041"
"sgd_047968","spa_01341","0.778532325786041"
"sgd_040620","spa_04279","0.778532325786041"
"sgd_018442","spa_06642","0.778532325786041"
"sgd_042506","spa_07971","0.778532325786041"
"sgd_049359","spa_03755","0.778532325786041"
"sgd_044354","spa_04487","0.778532325786041"
"sgd_027071","spa_08500","0.778532325786041"
"sgd_040728","spa_07716","0.778532325786041"
"sgd_048452","spa_00149","0.778532325786041"
"sgd_012761","spa_02546","0.778532325786041"
"sgd_010911","spa_07720","0.778532325786041"
"sgd_001560","spa_06233","0.778532325786041"
"sgd_023530","spa_09432","0.778532325786041"
"sgd_006651","spa_01559","0.778532325786041"
"sgd_030150","spa_03174","0.778532325786041"
"sgd_041371","spa_05409","0.778532325786041"
"sgd_010552","spa_04124","0.778532325786041"
"sgd_028043","spa_04670","0.778532325786041"
"sgd_051934","spa_02331","0.778532325786041"
"sgd_052815","spa_03365","0.778532325786041"
"sgd_048211","spa_03627","0.778532325786041"
